StockCode,Date,Quantity,DayOfWeek,Month,Day,lag_1,lag_7,rolling_mean_7,rolling_mean_14,rolling_std_7
16239,2010-01-02,0,5,1,2,0.0,0.0,0.0,0.14285714285714285,0.0
16239,2010-01-03,0,6,1,3,0.0,0.0,0.0,0.14285714285714285,0.0
16239,2010-01-04,0,0,1,4,0.0,0.0,0.0,0.14285714285714285,0.0
16239,2010-01-05,0,1,1,5,0.0,0.0,0.0,0.0,0.0
16239,2010-01-06,0,2,1,6,0.0,0.0,0.0,0.0,0.0
16239,2010-01-07,0,3,1,7,0.0,0.0,0.0,0.0,0.0
16239,2010-01-08,0,4,1,8,0.0,0.0,0.0,0.0,0.0
16239,2010-01-09,0,5,1,9,0.0,0.0,0.0,0.0,0.0
16239,2010-01-10,0,6,1,10,0.0,0.0,0.0,0.0,0.0
16239,2010-01-11,0,0,1,11,0.0,0.0,0.0,0.0,0.0
16239,2010-01-12,0,1,1,12,0.0,0.0,0.0,0.0,0.0
16239,2010-01-13,0,2,1,13,0.0,0.0,0.0,0.0,0.0
16239,2010-01-14,0,3,1,14,0.0,0.0,0.0,0.0,0.0
16239,2010-01-15,0,4,1,15,0.0,0.0,0.0,0.0,0.0
16239,2010-01-16,0,5,1,16,0.0,0.0,0.0,0.0,0.0
16239,2010-01-17,0,6,1,17,0.0,0.0,0.0,0.0,0.0
16239,2010-01-18,0,0,1,18,0.0,0.0,0.0,0.0,0.0
16239,2010-01-19,0,1,1,19,0.0,0.0,0.0,0.0,0.0
16044,2010-01-20,0,2,1,20,0.0,0.0,0.0,0.07142857142857142,0.0
16239,2010-01-20,1,2,1,20,0.0,0.0,0.14285714285714285,0.07142857142857142,0.3779644730092274
16044,2010-01-21,6144,3,1,21,0.0,0.0,877.7142857142857,438.85714285714283,2322.213722168692
16239,2010-01-21,0,3,1,21,1.0,0.0,0.14285714285714285,0.07142857142857142,0.3779644730092274
16044,2010-01-22,0,4,1,22,6144.0,0.0,877.7142857142857,438.85714285714283,2322.213722168692
16239,2010-01-22,0,4,1,22,0.0,0.0,0.14285714285714285,0.07142857142857142,0.3779644730092274
16239,2010-01-23,0,5,1,23,0.0,0.0,0.14285714285714285,0.07142857142857142,0.3779644730092274
16044,2010-01-23,0,5,1,23,0.0,0.0,877.7142857142857,438.85714285714283,2322.213722168692
16239,2010-01-24,0,6,1,24,0.0,0.0,0.14285714285714285,0.07142857142857142,0.3779644730092274
16044,2010-01-24,0,6,1,24,0.0,0.0,877.7142857142857,438.85714285714283,2322.213722168692
16044,2010-01-25,0,0,1,25,0.0,0.0,877.7142857142857,438.85714285714283,2322.213722168692
16239,2010-01-25,0,0,1,25,0.0,0.0,0.14285714285714285,0.07142857142857142,0.3779644730092274
16239,2010-01-26,1,1,1,26,0.0,0.0,0.2857142857142857,0.14285714285714285,0.4879500364742667
16044,2010-01-26,0,1,1,26,0.0,0.0,877.7142857142857,438.85714285714283,2322.213722168692
16239,2010-01-27,292,2,1,27,1.0,1.0,41.857142857142854,21.0,110.30326161909049
16044,2010-01-27,0,2,1,27,0.0,0.0,877.7142857142857,438.85714285714283,2322.213722168692
16044,2010-01-28,0,3,1,28,0.0,6144.0,0.0,438.85714285714283,0.0
16239,2010-01-28,0,3,1,28,292.0,0.0,41.857142857142854,21.0,110.30326161909049
16239,2010-01-29,1,4,1,29,0.0,0.0,42.0,21.071428571428573,110.24064586167843
16044,2010-01-29,0,4,1,29,0.0,0.0,0.0,438.85714285714283,0.0
16239,2010-01-30,0,5,1,30,1.0,0.0,42.0,21.071428571428573,110.24064586167843
16044,2010-01-30,0,5,1,30,0.0,0.0,0.0,438.85714285714283,0.0
16044,2010-01-31,0,6,1,31,0.0,0.0,0.0,438.85714285714283,0.0
16239,2010-01-31,0,6,1,31,0.0,0.0,42.0,21.071428571428573,110.24064586167843
16239,2010-02-01,0,0,2,1,0.0,0.0,42.0,21.071428571428573,110.24064586167843
16044,2010-02-01,0,0,2,1,0.0,0.0,0.0,438.85714285714283,0.0
16239,2010-02-02,0,1,2,2,0.0,1.0,41.857142857142854,21.071428571428573,110.30326161909049
16044,2010-02-02,0,1,2,2,0.0,0.0,0.0,438.85714285714283,0.0
16239,2010-02-03,0,2,2,3,0.0,292.0,0.14285714285714285,21.0,0.3779644730081576
16044,2010-02-03,0,2,2,3,0.0,0.0,0.0,438.85714285714283,0.0
16239,2010-02-04,9,3,2,4,0.0,0.0,1.4285714285714286,21.642857142857142,3.3594217189441222
16044,2010-02-04,0,3,2,4,0.0,0.0,0.0,0.0,0.0
16239,2010-02-05,4,4,2,5,9.0,1.0,1.8571428571428572,21.928571428571427,3.484660262185733
16044,2010-02-05,0,4,2,5,0.0,0.0,0.0,0.0,0.0
16044,2010-02-06,0,5,2,6,0.0,0.0,0.0,0.0,0.0
16239,2010-02-06,0,5,2,6,4.0,0.0,1.8571428571428572,21.928571428571427,3.484660262185733
16239,2010-02-07,0,6,2,7,0.0,0.0,1.8571428571428572,21.928571428571427,3.484660262185733
16044,2010-02-07,0,6,2,7,0.0,0.0,0.0,0.0,0.0
16239,2010-02-08,0,0,2,8,0.0,0.0,1.8571428571428572,21.928571428571427,3.484660262185733
16044,2010-02-08,0,0,2,8,0.0,0.0,0.0,0.0,0.0
16239,2010-02-09,0,1,2,9,0.0,0.0,1.8571428571428572,21.857142857142858,3.484660262185733
16044,2010-02-09,0,1,2,9,0.0,0.0,0.0,0.0,0.0
16239,2010-02-10,0,2,2,10,0.0,0.0,1.8571428571428572,1.0,3.484660262185733
16044,2010-02-10,0,2,2,10,0.0,0.0,0.0,0.0,0.0
16239,2010-02-11,0,3,2,11,0.0,9.0,0.5714285714285714,1.0,1.5118578920366414
16044,2010-02-11,0,3,2,11,0.0,0.0,0.0,0.0,0.0
16044,2010-02-12,0,4,2,12,0.0,0.0,0.0,0.0,0.0
16239,2010-02-12,0,4,2,12,0.0,4.0,0.0,0.9285714285714286,0.0
16239,2010-02-13,0,5,2,13,0.0,0.0,0.0,0.9285714285714286,0.0
16044,2010-02-13,0,5,2,13,0.0,0.0,0.0,0.0,0.0
16239,2010-02-14,0,6,2,14,0.0,0.0,0.0,0.9285714285714286,0.0
16044,2010-02-14,0,6,2,14,0.0,0.0,0.0,0.0,0.0
16239,2010-02-15,0,0,2,15,0.0,0.0,0.0,0.9285714285714286,0.0
16044,2010-02-15,0,0,2,15,0.0,0.0,0.0,0.0,0.0
16044,2010-02-16,0,1,2,16,0.0,0.0,0.0,0.0,0.0
16239,2010-02-16,0,1,2,16,0.0,0.0,0.0,0.9285714285714286,0.0
16239,2010-02-17,0,2,2,17,0.0,0.0,0.0,0.9285714285714286,0.0
16044,2010-02-17,0,2,2,17,0.0,0.0,0.0,0.0,0.0
16044,2010-02-18,48,3,2,18,0.0,0.0,6.857142857142857,3.4285714285714284,18.142294704477088
16239,2010-02-18,0,3,2,18,0.0,0.0,0.0,0.2857142857142857,0.0
16239,2010-02-19,0,4,2,19,0.0,0.0,0.0,0.0,0.0
16239,2010-02-20,0,5,2,20,0.0,0.0,0.0,0.0,0.0
10138,2010-02-20,0,5,2,20,12.0,0.0,1.5714285714285714,0.7857142857142857,4.613644360558788
10138,2010-02-21,0,6,2,21,0.0,0.0,1.5714285714285714,0.7857142857142857,4.613644360558788
16239,2010-02-21,0,6,2,21,0.0,0.0,0.0,0.0,0.0
16239,2010-02-22,0,0,2,22,0.0,0.0,0.0,0.0,0.0
10138,2010-02-22,0,0,2,22,0.0,0.0,1.5714285714285714,0.7857142857142857,4.613644360558788
10138,2010-02-23,0,1,2,23,0.0,0.0,1.5714285714285714,0.7857142857142857,4.613644360558788
16239,2010-02-23,0,1,2,23,0.0,0.0,0.0,0.0,0.0
10138,2010-02-24,0,2,2,24,0.0,-1.0,1.7142857142857142,0.7857142857142857,4.535573676110906
16239,2010-02-24,1,2,2,24,0.0,0.0,0.14285714285714285,0.07142857142857142,0.3779644730081543
10138,2010-02-25,0,3,2,25,0.0,0.0,1.7142857142857142,0.7857142857142857,4.535573676110906
16239,2010-02-25,0,3,2,25,1.0,0.0,0.14285714285714285,0.07142857142857142,0.3779644730081543
16239,2010-02-26,0,4,2,26,0.0,0.0,0.14285714285714285,0.07142857142857142,0.3779644730081543
10138,2010-02-26,0,4,2,26,0.0,12.0,0.0,0.7857142857142857,0.0
10138,2010-02-27,0,5,2,27,0.0,0.0,0.0,0.7857142857142857,0.0
16239,2010-02-27,0,5,2,27,0.0,0.0,0.14285714285714285,0.07142857142857142,0.3779644730081543
16239,2010-02-28,0,6,2,28,0.0,0.0,0.14285714285714285,0.07142857142857142,0.3779644730081543
10138,2010-02-28,0,6,2,28,0.0,0.0,0.0,0.7857142857142857,0.0
10138,2010-03-01,0,0,3,1,0.0,0.0,0.0,0.7857142857142857,0.0
16239,2010-03-01,0,0,3,1,0.0,0.0,0.14285714285714285,0.07142857142857142,0.3779644730081543
16050,2010-03-01,0,0,3,1,0.0,0.0,0.0,1.3571428571428572,0.0
16239,2010-03-02,23,1,3,2,0.0,0.0,3.4285714285714284,1.7142857142857142,8.63823174145304
10138,2010-03-02,0,1,3,2,0.0,0.0,0.0,0.7857142857142857,0.0
16050,2010-03-02,0,1,3,2,0.0,0.0,0.0,0.0,0.0
10138,2010-03-03,0,2,3,3,0.0,0.0,0.0,0.8571428571428571,0.0
16050,2010-03-03,0,2,3,3,0.0,0.0,0.0,0.0,0.0
16050,2010-03-04,0,3,3,4,0.0,0.0,0.0,0.0,0.0
10138,2010-03-04,0,3,3,4,0.0,0.0,0.0,0.8571428571428571,0.0
10138,2010-03-05,0,4,3,5,0.0,0.0,0.0,0.0,0.0
16050,2010-03-05,0,4,3,5,0.0,0.0,0.0,0.0,0.0
16050,2010-03-06,0,5,3,6,0.0,0.0,0.0,0.0,0.0
10138,2010-03-06,0,5,3,6,0.0,0.0,0.0,0.0,0.0
16050,2010-03-07,50,6,3,7,0.0,0.0,7.142857142857143,3.5714285714285716,18.89822365046136
10138,2010-03-07,0,6,3,7,0.0,0.0,0.0,0.0,0.0
10138,2010-03-08,0,0,3,8,0.0,0.0,0.0,0.0,0.0
16050,2010-03-08,0,0,3,8,50.0,0.0,7.142857142857143,3.5714285714285716,18.89822365046136
16050,2010-03-09,0,1,3,9,0.0,0.0,7.142857142857143,3.5714285714285716,18.89822365046136
10138,2010-03-09,0,1,3,9,0.0,0.0,0.0,0.0,0.0
16050,2010-03-10,0,2,3,10,0.0,0.0,7.142857142857143,3.5714285714285716,18.89822365046136
10138,2010-03-10,0,2,3,10,0.0,0.0,0.0,0.0,0.0
16050,2010-03-11,0,3,3,11,0.0,0.0,7.142857142857143,3.5714285714285716,18.89822365046136
10138,2010-03-11,0,3,3,11,0.0,0.0,0.0,0.0,0.0
16050,2010-03-12,50,4,3,12,0.0,0.0,14.285714285714286,7.142857142857143,24.397501823713327
10138,2010-03-12,0,4,3,12,0.0,0.0,0.0,0.0,0.0
16050,2010-03-13,0,5,3,13,50.0,0.0,14.285714285714286,7.142857142857143,24.397501823713327
10138,2010-03-13,0,5,3,13,0.0,0.0,0.0,0.0,0.0
16050,2010-03-14,0,6,3,14,0.0,50.0,7.142857142857143,7.142857142857143,18.89822365046136
10138,2010-03-14,0,6,3,14,0.0,0.0,0.0,0.0,0.0
10138,2010-03-15,0,0,3,15,0.0,0.0,0.0,0.0,0.0
16050,2010-03-15,4,0,3,15,0.0,0.0,7.714285714285714,7.428571428571429,18.70574141553234
16050,2010-03-16,0,1,3,16,4.0,0.0,7.714285714285714,7.428571428571429,18.70574141553234
10138,2010-03-16,0,1,3,16,0.0,0.0,0.0,0.0,0.0
10138,2010-03-17,0,2,3,17,0.0,0.0,0.0,0.0,0.0
16050,2010-03-17,0,2,3,17,0.0,0.0,7.714285714285714,7.428571428571429,18.70574141553234
10138,2010-03-18,0,3,3,18,0.0,0.0,0.0,0.0,0.0
16050,2010-03-18,0,3,3,18,0.0,0.0,7.714285714285714,7.428571428571429,18.70574141553234
10138,2010-03-19,0,4,3,19,0.0,0.0,0.0,0.0,0.0
16050,2010-03-19,0,4,3,19,0.0,50.0,0.5714285714285714,7.428571428571429,1.5118578920368924
16050,2010-03-20,0,5,3,20,0.0,0.0,0.5714285714285714,7.428571428571429,1.5118578920368924
10138,2010-03-20,0,5,3,20,0.0,0.0,0.0,0.0,0.0
16050,2010-03-21,0,6,3,21,0.0,0.0,0.5714285714285714,3.857142857142857,1.5118578920368924
10138,2010-03-21,0,6,3,21,0.0,0.0,0.0,0.0,0.0
16050,2010-03-22,0,0,3,22,0.0,4.0,0.0,3.857142857142857,0.0
10138,2010-03-22,0,0,3,22,0.0,0.0,0.0,0.0,0.0
10138,2010-03-23,0,1,3,23,0.0,0.0,0.0,0.0,0.0
16050,2010-03-23,0,1,3,23,0.0,0.0,0.0,3.857142857142857,0.0
16050,2010-03-24,0,2,3,24,0.0,0.0,0.0,3.857142857142857,0.0
10138,2010-03-24,1,2,3,24,0.0,0.0,0.14285714285714285,0.07142857142857142,0.3779644730113508
16050,2010-03-25,0,3,3,25,0.0,0.0,0.0,3.857142857142857,0.0
10138,2010-03-25,0,3,3,25,1.0,0.0,0.14285714285714285,0.07142857142857142,0.3779644730113508
10138,2010-03-26,0,4,3,26,0.0,0.0,0.14285714285714285,0.07142857142857142,0.3779644730113508
16050,2010-03-26,0,4,3,26,0.0,0.0,0.0,0.2857142857142857,0.0
16050,2010-03-27,0,5,3,27,0.0,0.0,0.0,0.2857142857142857,0.0
10138,2010-03-27,0,5,3,27,0.0,0.0,0.14285714285714285,0.07142857142857142,0.3779644730113508
10138,2010-03-28,0,6,3,28,0.0,0.0,0.14285714285714285,0.07142857142857142,0.3779644730113508
16050,2010-03-28,0,6,3,28,0.0,0.0,0.0,0.2857142857142857,0.0
16050,2010-03-29,0,0,3,29,0.0,0.0,0.0,0.0,0.0
10138,2010-03-29,12,0,3,29,0.0,0.0,1.8571428571428572,0.9285714285714286,4.488079449258755
16050,2010-03-30,0,1,3,30,0.0,0.0,0.0,0.0,0.0
10138,2010-03-30,0,1,3,30,12.0,0.0,1.8571428571428572,0.9285714285714286,4.488079449258755
10138,2010-03-31,0,2,3,31,0.0,1.0,1.7142857142857142,0.9285714285714286,4.535573676110905
16050,2010-03-31,0,2,3,31,0.0,0.0,0.0,0.0,0.0
10138,2010-04-01,9,3,4,1,0.0,0.0,3.0,1.5714285714285714,5.196152422706789
16050,2010-04-01,0,3,4,1,0.0,0.0,0.0,0.0,0.0
10138,2010-04-02,0,4,4,2,9.0,0.0,3.0,1.5714285714285714,5.196152422706789
16050,2010-04-02,0,4,4,2,0.0,0.0,0.0,0.0,0.0
16050,2010-04-03,0,5,4,3,0.0,0.0,0.0,0.0,0.0
10138,2010-04-03,0,5,4,3,0.0,0.0,3.0,1.5714285714285714,5.196152422706789
10138,2010-04-04,0,6,4,4,0.0,0.0,3.0,1.5714285714285714,5.196152422706789
16050,2010-04-04,0,6,4,4,0.0,0.0,0.0,0.0,0.0
10138,2010-04-05,0,0,4,5,0.0,12.0,1.2857142857142858,1.5714285714285714,3.401680257083283
16050,2010-04-05,0,0,4,5,0.0,0.0,0.0,0.0,0.0
16050,2010-04-06,0,1,4,6,0.0,0.0,0.0,0.0,0.0
10138,2010-04-06,0,1,4,6,0.0,0.0,1.2857142857142858,1.5714285714285714,3.401680257083283
16050,2010-04-07,0,2,4,7,0.0,0.0,0.0,0.0,0.0
10138,2010-04-07,0,2,4,7,0.0,0.0,1.2857142857142858,1.5,3.401680257083283
10138,2010-04-08,0,3,4,8,0.0,9.0,0.0,1.5,0.0
16050,2010-04-08,1,3,4,8,0.0,0.0,0.14285714285714285,0.07142857142857142,0.3779644730091609
16050,2010-04-09,0,4,4,9,1.0,0.0,0.14285714285714285,0.07142857142857142,0.3779644730091609
10138,2010-04-09,0,4,4,9,0.0,0.0,0.0,1.5,0.0
16050,2010-04-10,0,5,4,10,0.0,0.0,0.14285714285714285,0.07142857142857142,0.3779644730091609
10138,2010-04-10,0,5,4,10,0.0,0.0,0.0,1.5,0.0
16050,2010-04-11,0,6,4,11,0.0,0.0,0.14285714285714285,0.07142857142857142,0.3779644730091609
10138,2010-04-11,0,6,4,11,0.0,0.0,0.0,1.5,0.0
16051,2010-04-11,0,6,4,11,0.0,0.0,0.0,0.0,0.0
16050,2010-04-12,0,0,4,12,0.0,0.0,0.14285714285714285,0.07142857142857142,0.3779644730091609
16051,2010-04-12,0,0,4,12,0.0,0.0,0.0,0.0,0.0
10138,2010-04-12,0,0,4,12,0.0,0.0,0.0,0.6428571428571429,0.0
16051,2010-04-13,0,1,4,13,0.0,0.0,0.0,0.0,0.0
10138,2010-04-13,0,1,4,13,0.0,0.0,0.0,0.6428571428571429,0.0
16050,2010-04-13,0,1,4,13,0.0,0.0,0.14285714285714285,0.07142857142857142,0.3779644730091609
16051,2010-04-14,0,2,4,14,0.0,0.0,0.0,0.0,0.0
10138,2010-04-14,0,2,4,14,0.0,0.0,0.0,0.6428571428571429,0.0
16050,2010-04-14,0,2,4,14,0.0,0.0,0.14285714285714285,0.07142857142857142,0.3779644730091609
10138,2010-04-15,0,3,4,15,0.0,0.0,0.0,0.0,0.0
16051,2010-04-15,0,3,4,15,0.0,0.0,0.0,0.0,0.0
16050,2010-04-15,0,3,4,15,0.0,1.0,0.0,0.07142857142857142,0.0
16051,2010-04-16,0,4,4,16,0.0,0.0,0.0,0.0,0.0
16050,2010-04-16,21,4,4,16,0.0,0.0,3.0,1.5714285714285714,7.937253933193769
10138,2010-04-16,0,4,4,16,0.0,0.0,0.0,0.0,0.0
16051,2010-04-17,0,5,4,17,0.0,0.0,0.0,0.0,0.0
16050,2010-04-17,0,5,4,17,21.0,0.0,3.0,1.5714285714285714,7.937253933193769
10138,2010-04-17,0,5,4,17,0.0,0.0,0.0,0.0,0.0
10138,2010-04-18,0,6,4,18,0.0,0.0,0.0,0.0,0.0
16050,2010-04-18,0,6,4,18,0.0,0.0,3.0,1.5714285714285714,7.937253933193769
16051,2010-04-18,0,6,4,18,0.0,0.0,0.0,0.0,0.0
16050,2010-04-19,6,0,4,19,0.0,0.0,3.857142857142857,2.0,7.883074092183651
10138,2010-04-19,0,0,4,19,0.0,0.0,0.0,0.0,0.0
16051,2010-04-19,0,0,4,19,0.0,0.0,0.0,0.0,0.0
16051,2010-04-20,0,1,4,20,0.0,0.0,0.0,0.0,0.0
10138,2010-04-20,12,1,4,20,0.0,0.0,1.7142857142857142,0.8571428571428571,4.535573676110906
16051,2010-04-21,0,2,4,21,0.0,0.0,0.0,0.0,0.0
16051,2010-04-22,0,3,4,22,0.0,0.0,0.0,0.0,0.0
16051,2010-04-23,0,4,4,23,0.0,0.0,0.0,0.0,0.0
16051,2010-04-24,0,5,4,24,0.0,0.0,0.0,0.0,0.0
16051,2010-04-25,0,6,4,25,0.0,0.0,0.0,0.0,0.0
16051,2010-04-26,0,0,4,26,0.0,0.0,0.0,0.0,0.0
16051,2010-04-27,0,1,4,27,0.0,0.0,0.0,0.0,0.0
16051,2010-04-28,0,2,4,28,0.0,0.0,0.0,0.0,0.0
16051,2010-04-29,0,3,4,29,0.0,0.0,0.0,0.0,0.0
16051,2010-04-30,0,4,4,30,0.0,0.0,0.0,0.0,0.0
16051,2010-05-01,0,5,5,1,0.0,0.0,0.0,0.0,0.0
16051,2010-05-02,0,6,5,2,0.0,0.0,0.0,0.0,0.0
16051,2010-05-03,0,0,5,3,0.0,0.0,0.0,0.0,0.0
16051,2010-05-04,0,1,5,4,0.0,0.0,0.0,0.0,0.0
16051,2010-05-05,0,2,5,5,0.0,0.0,0.0,0.0,0.0
16051,2010-05-06,0,3,5,6,0.0,0.0,0.0,0.0,0.0
16051,2010-05-07,0,4,5,7,0.0,0.0,0.0,0.0,0.0
16051,2010-05-08,0,5,5,8,0.0,0.0,0.0,0.0,0.0
16051,2010-05-09,0,6,5,9,0.0,0.0,0.0,0.0,0.0
16051,2010-05-10,0,0,5,10,0.0,0.0,0.0,0.0,0.0
16051,2010-05-11,0,1,5,11,0.0,0.0,0.0,0.0,0.0
16051,2010-05-12,0,2,5,12,0.0,0.0,0.0,0.0,0.0
16051,2010-05-13,0,3,5,13,0.0,0.0,0.0,0.0,0.0
16051,2010-05-14,0,4,5,14,0.0,0.0,0.0,0.0,0.0
16051,2010-05-15,0,5,5,15,0.0,0.0,0.0,0.0,0.0
16051,2010-05-16,0,6,5,16,0.0,0.0,0.0,0.0,0.0
16051,2010-05-17,0,0,5,17,0.0,0.0,0.0,0.0,0.0
16051,2010-05-18,0,1,5,18,0.0,0.0,0.0,0.0,0.0
16051,2010-05-19,0,2,5,19,0.0,0.0,0.0,0.0,0.0
16051,2010-05-20,0,3,5,20,0.0,0.0,0.0,0.0,0.0
16051,2010-05-21,0,4,5,21,0.0,0.0,0.0,0.0,0.0
16051,2010-05-22,0,5,5,22,0.0,0.0,0.0,0.0,0.0
16051,2010-05-23,0,6,5,23,0.0,0.0,0.0,0.0,0.0
16051,2010-05-24,0,0,5,24,0.0,0.0,0.0,0.0,0.0
16051,2010-05-25,0,1,5,25,0.0,0.0,0.0,0.0,0.0
16051,2010-05-26,0,2,5,26,0.0,0.0,0.0,0.0,0.0
16051,2010-05-27,0,3,5,27,0.0,0.0,0.0,0.0,0.0
16051,2010-05-28,0,4,5,28,0.0,0.0,0.0,0.0,0.0
16051,2010-05-29,0,5,5,29,0.0,0.0,0.0,0.0,0.0
16051,2010-05-30,0,6,5,30,0.0,0.0,0.0,0.0,0.0
16051,2010-05-31,0,0,5,31,0.0,0.0,0.0,0.0,0.0
16051,2010-06-01,0,1,6,1,0.0,0.0,0.0,0.0,0.0
16051,2010-06-02,0,2,6,2,0.0,0.0,0.0,0.0,0.0
16051,2010-06-03,0,3,6,3,0.0,0.0,0.0,0.0,0.0
16051,2010-06-04,0,4,6,4,0.0,0.0,0.0,0.0,0.0
16051,2010-06-05,0,5,6,5,0.0,0.0,0.0,0.0,0.0
16051,2010-06-06,0,6,6,6,0.0,0.0,0.0,0.0,0.0
16051,2010-06-07,0,0,6,7,0.0,0.0,0.0,0.0,0.0
16051,2010-06-08,0,1,6,8,0.0,0.0,0.0,0.0,0.0
16051,2010-06-09,36,2,6,9,0.0,0.0,5.142857142857143,2.5714285714285716,13.606721028332192
16054,2010-08-09,0,0,8,9,0.0,0.0,0.0,2.5714285714285716,0.0
16054,2010-08-10,0,1,8,10,0.0,0.0,0.0,2.5714285714285716,0.0
16054,2010-08-11,0,2,8,11,0.0,0.0,0.0,2.5714285714285716,0.0
16054,2010-08-12,0,3,8,12,0.0,0.0,0.0,2.5714285714285716,0.0
16054,2010-08-13,0,4,8,13,0.0,0.0,0.0,2.5714285714285716,0.0
16054,2010-08-14,0,5,8,14,0.0,0.0,0.0,2.5714285714285716,0.0
16054,2010-08-15,0,6,8,15,0.0,0.0,0.0,0.0,0.0
16054,2010-08-16,0,0,8,16,0.0,0.0,0.0,0.0,0.0
16054,2010-08-17,0,1,8,17,0.0,0.0,0.0,0.0,0.0
16054,2010-08-18,0,2,8,18,0.0,0.0,0.0,0.0,0.0
16054,2010-08-19,0,3,8,19,0.0,0.0,0.0,0.0,0.0
16054,2010-08-20,0,4,8,20,0.0,0.0,0.0,0.0,0.0
16054,2010-08-21,0,5,8,21,0.0,0.0,0.0,0.0,0.0
17033,2010-08-21,0,5,8,21,36.0,0.0,10.285714285714286,5.142857142857143,17.566201313073392
16054,2010-08-22,0,6,8,22,0.0,0.0,0.0,0.0,0.0
17033,2010-08-22,0,6,8,22,0.0,0.0,10.285714285714286,5.142857142857143,17.566201313073392
17033,2010-08-23,-36,0,8,23,0.0,0.0,5.142857142857143,2.5714285714285716,24.842360136324608
16054,2010-08-23,0,0,8,23,0.0,0.0,0.0,0.0,0.0
16054,2010-08-24,1,1,8,24,0.0,0.0,0.14285714285714285,0.07142857142857142,0.37796447300922725
17033,2010-08-24,0,1,8,24,-36.0,0.0,5.142857142857143,2.5714285714285716,24.842360136324608
16054,2010-08-25,0,2,8,25,1.0,0.0,0.14285714285714285,0.07142857142857142,0.37796447300922725
17033,2010-08-25,0,2,8,25,0.0,36.0,0.0,2.5714285714285716,20.784609690826354
16054,2010-08-26,0,3,8,26,0.0,0.0,0.14285714285714285,0.07142857142857142,0.37796447300922725
17033,2010-08-26,0,3,8,26,0.0,0.0,0.0,2.5714285714285716,20.784609690826354
16047,2010-08-26,0,3,8,26,0.0,0.0,0.0,0.8571428571428571,0.0
17033,2010-08-27,0,4,8,27,0.0,36.0,-5.142857142857143,2.5714285714285716,13.606721028331911
16054,2010-08-27,0,4,8,27,0.0,0.0,0.14285714285714285,0.07142857142857142,0.37796447300922725
16047,2010-08-27,0,4,8,27,0.0,0.0,0.0,0.8571428571428571,0.0
16043,2010-08-27,0,4,8,27,0.0,0.0,0.0,0.0,0.0
16047,2010-08-28,0,5,8,28,0.0,0.0,0.0,0.8571428571428571,0.0
16043,2010-08-28,0,5,8,28,0.0,0.0,0.0,0.0,0.0
16054,2010-08-28,0,5,8,28,0.0,0.0,0.14285714285714285,0.07142857142857142,0.37796447300922725
17033,2010-08-28,0,5,8,28,0.0,0.0,-5.142857142857143,2.5714285714285716,13.606721028331911
16054,2010-08-29,0,6,8,29,0.0,0.0,0.14285714285714285,0.07142857142857142,0.37796447300922725
17033,2010-08-29,0,6,8,29,0.0,0.0,-5.142857142857143,2.5714285714285716,13.606721028331911
16043,2010-08-29,0,6,8,29,0.0,0.0,0.0,0.0,0.0
16047,2010-08-29,0,6,8,29,0.0,0.0,0.0,0.8571428571428571,0.0
16043,2010-08-30,0,0,8,30,0.0,0.0,0.0,0.0,0.0
17033,2010-08-30,0,0,8,30,0.0,-36.0,0.0,2.5714285714285716,0.0
16047,2010-08-30,0,0,8,30,0.0,0.0,0.0,0.8571428571428571,0.0
16054,2010-08-30,0,0,8,30,0.0,0.0,0.14285714285714285,0.07142857142857142,0.37796447300922725
16054,2010-08-31,0,1,8,31,0.0,1.0,0.0,0.07142857142857142,0.0
17033,2010-08-31,0,1,8,31,0.0,0.0,0.0,2.5714285714285716,0.0
16043,2010-08-31,0,1,8,31,0.0,0.0,0.0,0.0,0.0
16047,2010-08-31,0,1,8,31,0.0,0.0,0.0,0.0,0.0
16043,2010-09-01,0,2,9,1,0.0,0.0,0.0,0.0,0.0
16054,2010-09-01,0,2,9,1,0.0,0.0,0.0,0.07142857142857142,0.0
17033,2010-09-01,0,2,9,1,0.0,0.0,0.0,0.0,0.0
16047,2010-09-01,0,2,9,1,0.0,0.0,0.0,0.0,0.0
17033,2010-09-02,0,3,9,2,0.0,0.0,0.0,0.0,0.0
16047,2010-09-02,0,3,9,2,0.0,0.0,0.0,0.0,0.0
16043,2010-09-02,0,3,9,2,0.0,0.0,0.0,0.0,0.0
16054,2010-09-02,0,3,9,2,0.0,0.0,0.0,0.07142857142857142,0.0
15030,2010-09-02,0,3,9,2,0.0,0.0,0.0,0.0,0.0
16047,2010-09-03,0,4,9,3,0.0,0.0,0.0,0.0,0.0
16054,2010-09-03,0,4,9,3,0.0,0.0,0.0,0.07142857142857142,0.0
15030,2010-09-03,0,4,9,3,0.0,0.0,0.0,0.0,0.0
16043,2010-09-03,0,4,9,3,0.0,0.0,0.0,0.0,0.0
17033,2010-09-03,72,4,9,3,0.0,0.0,10.285714285714286,2.5714285714285716,27.21344205666423
16043,2010-09-04,0,5,9,4,0.0,0.0,0.0,0.0,0.0
16054,2010-09-04,0,5,9,4,0.0,0.0,0.0,0.07142857142857142,0.0
16047,2010-09-04,0,5,9,4,0.0,0.0,0.0,0.0,0.0
17033,2010-09-04,0,5,9,4,72.0,0.0,10.285714285714286,2.5714285714285716,27.21344205666423
15030,2010-09-04,0,5,9,4,0.0,0.0,0.0,0.0,0.0
16054,2010-09-05,0,6,9,5,0.0,0.0,0.0,0.07142857142857142,0.0
15030,2010-09-05,0,6,9,5,0.0,0.0,0.0,0.0,0.0
17033,2010-09-05,0,6,9,5,0.0,0.0,10.285714285714286,2.5714285714285716,27.21344205666423
16043,2010-09-05,0,6,9,5,0.0,0.0,0.0,0.0,0.0
16047,2010-09-05,0,6,9,5,0.0,0.0,0.0,0.0,0.0
15030,2010-09-06,0,0,9,6,0.0,0.0,0.0,0.0,0.0
16049,2010-09-06,0,0,9,6,0.0,0.0,0.0,0.0,0.0
16054,2010-09-06,0,0,9,6,0.0,0.0,0.0,0.07142857142857142,0.0
16043,2010-09-06,0,0,9,6,0.0,0.0,0.0,0.0,0.0
16047,2010-09-06,0,0,9,6,0.0,0.0,0.0,0.0,0.0
17033,2010-09-06,0,0,9,6,0.0,0.0,10.285714285714286,5.142857142857143,27.21344205666423
15030,2010-09-07,0,1,9,7,0.0,0.0,0.0,0.0,0.0
16047,2010-09-07,0,1,9,7,0.0,0.0,0.0,0.0,0.0
17033,2010-09-07,0,1,9,7,0.0,0.0,10.285714285714286,5.142857142857143,27.21344205666423
16049,2010-09-07,0,1,9,7,0.0,0.0,0.0,0.0,0.0
16043,2010-09-07,0,1,9,7,0.0,0.0,0.0,0.0,0.0
16054,2010-09-07,0,1,9,7,0.0,0.0,0.0,0.0,0.0
16054,2010-09-08,0,2,9,8,0.0,0.0,0.0,0.0,0.0
16049,2010-09-08,0,2,9,8,0.0,0.0,0.0,0.0,0.0
16043,2010-09-08,0,2,9,8,0.0,0.0,0.0,0.0,0.0
15030,2010-09-08,0,2,9,8,0.0,0.0,0.0,0.0,0.0
17033,2010-09-08,0,2,9,8,0.0,0.0,10.285714285714286,5.142857142857143,27.21344205666423
16047,2010-09-08,0,2,9,8,0.0,0.0,0.0,0.0,0.0
17033,2010-09-09,0,3,9,9,0.0,0.0,10.285714285714286,5.142857142857143,27.21344205666423
15030,2010-09-09,0,3,9,9,0.0,0.0,0.0,0.0,0.0
16049,2010-09-09,0,3,9,9,0.0,0.0,0.0,0.0,0.0
16054,2010-09-09,0,3,9,9,0.0,0.0,0.0,0.0,0.0
16047,2010-09-09,0,3,9,9,0.0,0.0,0.0,0.0,0.0
16043,2010-09-09,0,3,9,9,0.0,0.0,0.0,0.0,0.0
16049,2010-09-10,0,4,9,10,0.0,0.0,0.0,0.0,0.0
16043,2010-09-10,0,4,9,10,0.0,0.0,0.0,0.0,0.0
16054,2010-09-10,0,4,9,10,0.0,0.0,0.0,0.0,0.0
16047,2010-09-10,0,4,9,10,0.0,0.0,0.0,0.0,0.0
15030,2010-09-10,0,4,9,10,0.0,0.0,0.0,0.0,0.0
17033,2010-09-10,0,4,9,10,0.0,72.0,0.0,5.142857142857143,0.0
16047,2010-09-11,0,5,9,11,0.0,0.0,0.0,0.0,0.0
15030,2010-09-11,0,5,9,11,0.0,0.0,0.0,0.0,0.0
16054,2010-09-11,0,5,9,11,0.0,0.0,0.0,0.0,0.0
16049,2010-09-11,0,5,9,11,0.0,0.0,0.0,0.0,0.0
17033,2010-09-11,0,5,9,11,0.0,0.0,0.0,5.142857142857143,0.0
16043,2010-09-11,0,5,9,11,0.0,0.0,0.0,0.0,0.0
17033,2010-09-12,0,6,9,12,0.0,0.0,0.0,5.142857142857143,0.0
16049,2010-09-12,36,6,9,12,0.0,0.0,5.142857142857143,2.5714285714285716,13.606721028332071
15030,2010-09-12,0,6,9,12,0.0,0.0,0.0,0.0,0.0
16043,2010-09-12,0,6,9,12,0.0,0.0,0.0,0.0,0.0
16054,2010-09-12,0,6,9,12,0.0,0.0,0.0,0.0,0.0
16047,2010-09-12,2,6,9,12,0.0,0.0,0.2857142857142857,0.14285714285714285,0.7559289460184574
16049,2010-09-13,0,0,9,13,36.0,0.0,5.142857142857143,2.5714285714285716,13.606721028332071
16054,2010-09-13,0,0,9,13,0.0,0.0,0.0,0.0,0.0
16043,2010-09-13,0,0,9,13,0.0,0.0,0.0,0.0,0.0
15030,2010-09-13,0,0,9,13,0.0,0.0,0.0,0.0,0.0
16047,2010-09-13,0,0,9,13,2.0,0.0,0.2857142857142857,0.14285714285714285,0.7559289460184574
17033,2010-09-13,0,0,9,13,0.0,0.0,0.0,5.142857142857143,0.0
16212,2010-09-14,0,1,9,14,1.0,0.0,0.14285714285714285,0.07142857142857142,0.3779644730091258
16049,2010-09-14,0,1,9,14,0.0,0.0,5.142857142857143,2.5714285714285716,13.606721028332071
16047,2010-09-14,0,1,9,14,0.0,0.0,0.2857142857142857,0.14285714285714285,0.7559289460184574
16054,2010-09-14,0,1,9,14,0.0,0.0,0.0,0.0,0.0
10134,2010-09-14,0,1,9,14,0.0,0.0,0.14285714285714285,0.07142857142857142,0.37796447300922453
17033,2010-09-14,0,1,9,14,0.0,0.0,0.0,5.142857142857143,0.0
16043,2010-09-14,0,1,9,14,0.0,0.0,0.0,0.0,0.0
15030,2010-09-14,0,1,9,14,0.0,0.0,0.0,0.0,0.0
10134,2010-09-15,0,2,9,15,0.0,0.0,0.14285714285714285,0.07142857142857142,0.37796447300922453
15030,2010-09-15,0,2,9,15,0.0,0.0,0.0,0.0,0.0
16043,2010-09-15,0,2,9,15,0.0,0.0,0.0,0.0,0.0
17033,2010-09-15,0,2,9,15,0.0,0.0,0.0,5.142857142857143,0.0
16049,2010-09-15,0,2,9,15,0.0,0.0,5.142857142857143,2.5714285714285716,13.606721028332071
16047,2010-09-15,0,2,9,15,0.0,0.0,0.2857142857142857,0.14285714285714285,0.7559289460184574
16054,2010-09-15,0,2,9,15,0.0,0.0,0.0,0.0,0.0
16212,2010-09-15,2,2,9,15,0.0,0.0,0.42857142857142855,0.21428571428571427,0.7867957924693932
17033,2010-09-16,0,3,9,16,0.0,0.0,0.0,5.142857142857143,0.0
16049,2010-09-16,0,3,9,16,0.0,0.0,5.142857142857143,2.5714285714285716,13.606721028332071
16212,2010-09-16,0,3,9,16,2.0,0.0,0.42857142857142855,0.21428571428571427,0.7867957924693932
16054,2010-09-16,0,3,9,16,0.0,0.0,0.0,0.0,0.0
16047,2010-09-16,0,3,9,16,0.0,0.0,0.2857142857142857,0.14285714285714285,0.7559289460184574
10134,2010-09-16,0,3,9,16,0.0,0.0,0.14285714285714285,0.07142857142857142,0.37796447300922453
15030,2010-09-16,10,3,9,16,0.0,0.0,1.4285714285714286,0.7142857142857143,3.7796447300922718
16043,2010-09-16,0,3,9,16,0.0,0.0,0.0,0.0,0.0
16047,2010-09-17,0,4,9,17,0.0,0.0,0.2857142857142857,0.14285714285714285,0.7559289460184574
15030,2010-09-17,0,4,9,17,10.0,0.0,1.4285714285714286,0.7142857142857143,3.7796447300922718
16212,2010-09-17,0,4,9,17,0.0,0.0,0.42857142857142855,0.21428571428571427,0.7867957924693932
17033,2010-09-17,0,4,9,17,0.0,0.0,0.0,0.0,0.0
16049,2010-09-17,0,4,9,17,0.0,0.0,5.142857142857143,2.5714285714285716,13.606721028332071
16043,2010-09-17,0,4,9,17,0.0,0.0,0.0,0.0,0.0
16054,2010-09-17,0,4,9,17,0.0,0.0,0.0,0.0,0.0
10134,2010-09-17,0,4,9,17,0.0,1.0,0.0,0.07142857142857142,0.0
16054,2010-09-18,0,5,9,18,0.0,0.0,0.0,0.0,0.0
16043,2010-09-18,0,5,9,18,0.0,0.0,0.0,0.0,0.0
15030,2010-09-18,0,5,9,18,0.0,0.0,1.4285714285714286,0.7142857142857143,3.7796447300922718
16053,2010-09-18,0,5,9,18,0.0,0.0,0.0,0.0,0.0
10134,2010-09-18,0,5,9,18,0.0,0.0,0.0,0.07142857142857142,0.0
16049,2010-09-18,0,5,9,18,0.0,0.0,5.142857142857143,2.5714285714285716,13.606721028332071
16212,2010-09-18,0,5,9,18,0.0,0.0,0.42857142857142855,0.21428571428571427,0.7867957924693932
16045,2010-09-18,0,5,9,18,0.0,0.0,14.285714285714286,7.142857142857143,37.79644730092272
17033,2010-09-18,0,5,9,18,0.0,0.0,0.0,0.0,0.0
16047,2010-09-18,0,5,9,18,0.0,0.0,0.2857142857142857,0.14285714285714285,0.7559289460184574
10134,2010-09-19,2,6,9,19,0.0,0.0,0.2857142857142857,0.21428571428571427,0.7559289460184518
16045,2010-09-19,0,6,9,19,0.0,0.0,14.285714285714286,7.142857142857143,37.79644730092272
16049,2010-09-19,0,6,9,19,0.0,36.0,0.0,2.5714285714285716,0.0
16047,2010-09-19,0,6,9,19,0.0,2.0,0.0,0.14285714285714285,0.0
16043,2010-09-19,0,6,9,19,0.0,0.0,0.0,0.0,0.0
17033,2010-09-19,0,6,9,19,0.0,0.0,0.0,0.0,0.0
15030,2010-09-19,0,6,9,19,0.0,0.0,1.4285714285714286,0.7142857142857143,3.7796447300922718
16054,2010-09-19,0,6,9,19,0.0,0.0,0.0,0.0,0.0
16212,2010-09-19,12,6,9,19,0.0,0.0,2.142857142857143,1.0714285714285714,4.413183712037194
16053,2010-09-19,0,6,9,19,0.0,0.0,0.0,0.0,0.0
10134,2010-09-20,0,0,9,20,2.0,0.0,0.2857142857142857,0.21428571428571427,0.7559289460184518
16047,2010-09-20,0,0,9,20,0.0,0.0,0.0,0.14285714285714285,0.0
17033,2010-09-20,0,0,9,20,0.0,0.0,0.0,0.0,0.0
16045,2010-09-20,0,0,9,20,0.0,0.0,14.285714285714286,7.142857142857143,37.79644730092272
16049,2010-09-20,0,0,9,20,0.0,0.0,0.0,2.5714285714285716,0.0
15030,2010-09-20,15,0,9,20,0.0,0.0,3.5714285714285716,1.7857142857142858,6.267831705280087
16212,2010-09-20,0,0,9,20,12.0,1.0,2.0,1.0714285714285714,4.47213595499957
16043,2010-09-20,0,0,9,20,0.0,0.0,0.0,0.0,0.0
16054,2010-09-20,0,0,9,20,0.0,0.0,0.0,0.0,0.0
16053,2010-09-20,0,0,9,20,0.0,0.0,0.0,0.0,0.0
15030,2010-09-21,0,1,9,21,15.0,0.0,3.5714285714285716,1.7857142857142858,6.267831705280087
16049,2010-09-21,0,1,9,21,0.0,0.0,0.0,2.5714285714285716,0.0
16212,2010-09-21,1,1,9,21,0.0,0.0,2.142857142857143,1.1428571428571428,4.413183712037194
16045,2010-09-21,0,1,9,21,0.0,0.0,14.285714285714286,7.142857142857143,37.79644730092272
16043,2010-09-21,0,1,9,21,0.0,0.0,0.0,0.0,0.0
16054,2010-09-21,0,1,9,21,0.0,0.0,0.0,0.0,0.0
16053,2010-09-21,0,1,9,21,0.0,0.0,0.0,0.0,0.0
16047,2010-09-21,0,1,9,21,0.0,0.0,0.0,0.14285714285714285,0.0
10134,2010-09-21,0,1,9,21,0.0,0.0,0.2857142857142857,0.21428571428571427,0.7559289460184518
17033,2010-09-21,0,1,9,21,0.0,0.0,0.0,0.0,0.0
16045,2010-09-22,0,2,9,22,0.0,100.0,0.0,7.142857142857143,0.0
16054,2010-09-22,0,2,9,22,0.0,0.0,0.0,0.0,0.0
10134,2010-09-22,0,2,9,22,0.0,0.0,0.2857142857142857,0.21428571428571427,0.7559289460184518
16212,2010-09-22,0,2,9,22,1.0,2.0,1.8571428571428572,1.1428571428571428,4.4880794492585645
16043,2010-09-22,0,2,9,22,0.0,0.0,0.0,0.0,0.0
16047,2010-09-22,0,2,9,22,0.0,0.0,0.0,0.14285714285714285,0.0
16049,2010-09-22,0,2,9,22,0.0,0.0,0.0,2.5714285714285716,0.0
17033,2010-09-22,0,2,9,22,0.0,0.0,0.0,0.0,0.0
16053,2010-09-22,0,2,9,22,0.0,0.0,0.0,0.0,0.0
15030,2010-09-22,0,2,9,22,0.0,0.0,3.5714285714285716,1.7857142857142858,6.267831705280087
16254,2010-09-23,0,3,9,23,0.0,0.0,0.0,0.0,0.0
16047,2010-09-23,7,3,9,23,0.0,0.0,1.0,0.6428571428571429,2.6457513110645916
16049,2010-09-23,0,3,9,23,0.0,0.0,0.0,2.5714285714285716,0.0
10080,2010-09-23,0,3,9,23,0.0,6.0,0.0,0.42857142857142855,0.0
16053,2010-09-23,0,3,9,23,0.0,0.0,0.0,0.0,0.0
17033,2010-09-23,0,3,9,23,0.0,0.0,0.0,0.0,0.0
16045,2010-09-23,0,3,9,23,0.0,0.0,0.0,7.142857142857143,0.0
15030,2010-09-23,0,3,9,23,0.0,10.0,2.142857142857143,1.7857142857142858,5.669467095138408
16054,2010-09-23,0,3,9,23,0.0,0.0,0.0,0.0,0.0
10134,2010-09-23,0,3,9,23,0.0,0.0,0.2857142857142857,0.21428571428571427,0.7559289460184518
16212,2010-09-23,13,3,9,23,0.0,0.0,3.7142857142857144,2.0714285714285716,6.019808571549027
16043,2010-09-23,0,3,9,23,0.0,0.0,0.0,0.0,0.0
16047,2010-09-24,0,4,9,24,7.0,0.0,1.0,0.6428571428571429,2.6457513110645916
16053,2010-09-24,0,4,9,24,0.0,0.0,0.0,0.0,0.0
17033,2010-09-24,0,4,9,24,0.0,0.0,0.0,0.0,0.0
16043,2010-09-24,0,4,9,24,0.0,0.0,0.0,0.0,0.0
16254,2010-09-24,0,4,9,24,0.0,0.0,0.0,0.0,0.0
10134,2010-09-24,0,4,9,24,0.0,0.0,0.2857142857142857,0.14285714285714285,0.7559289460184518
16045,2010-09-24,0,4,9,24,0.0,0.0,0.0,7.142857142857143,0.0
16212,2010-09-24,0,4,9,24,13.0,0.0,3.7142857142857144,2.0714285714285716,6.019808571549027
16054,2010-09-24,0,4,9,24,0.0,0.0,0.0,0.0,0.0
10080,2010-09-24,0,4,9,24,0.0,0.0,0.0,0.42857142857142855,0.0
16049,2010-09-24,0,4,9,24,0.0,0.0,0.0,2.5714285714285716,0.0
15030,2010-09-24,0,4,9,24,0.0,0.0,2.142857142857143,1.7857142857142858,5.669467095138408
10134,2010-09-25,0,5,9,25,0.0,0.0,0.2857142857142857,0.14285714285714285,0.7559289460184518
16043,2010-09-25,0,5,9,25,0.0,0.0,0.0,0.0,0.0
16212,2010-09-25,0,5,9,25,0.0,0.0,3.7142857142857144,2.0714285714285716,6.019808571549027
16045,2010-09-25,0,5,9,25,0.0,0.0,0.0,7.142857142857143,0.0
16254,2010-09-25,0,5,9,25,0.0,0.0,0.0,0.0,0.0
17033,2010-09-25,0,5,9,25,0.0,0.0,0.0,0.0,0.0
10080,2010-09-25,0,5,9,25,0.0,0.0,0.0,0.42857142857142855,0.0
16054,2010-09-25,0,5,9,25,0.0,0.0,0.0,0.0,0.0
16259,2010-09-25,0,5,9,25,0.0,0.0,0.0,0.0,0.0
16047,2010-09-25,0,5,9,25,0.0,0.0,1.0,0.6428571428571429,2.6457513110645916
16049,2010-09-25,0,5,9,25,0.0,0.0,0.0,2.5714285714285716,0.0
15030,2010-09-25,0,5,9,25,0.0,0.0,2.142857142857143,1.7857142857142858,5.669467095138408
16053,2010-09-25,0,5,9,25,0.0,0.0,0.0,0.0,0.0
10134,2010-09-26,0,6,9,26,0.0,2.0,0.0,0.14285714285714285,0.0
16045,2010-09-26,0,6,9,26,0.0,0.0,0.0,7.142857142857143,0.0
16049,2010-09-26,0,6,9,26,0.0,0.0,0.0,0.0,0.0
16212,2010-09-26,0,6,9,26,0.0,12.0,2.0,2.0714285714285716,4.864839839775465
16053,2010-09-26,0,6,9,26,0.0,0.0,0.0,0.0,0.0
10080,2010-09-26,0,6,9,26,0.0,0.0,0.0,0.42857142857142855,0.0
16054,2010-09-26,0,6,9,26,0.0,0.0,0.0,0.0,0.0
16043,2010-09-26,0,6,9,26,0.0,0.0,0.0,0.0,0.0
16259,2010-09-26,0,6,9,26,0.0,0.0,0.0,0.0,0.0
16047,2010-09-26,0,6,9,26,0.0,0.0,1.0,0.5,2.6457513110645916
16254,2010-09-26,0,6,9,26,0.0,0.0,0.0,0.0,0.0
15030,2010-09-26,0,6,9,26,0.0,0.0,2.142857142857143,1.7857142857142858,5.669467095138408
17033,2010-09-26,0,6,9,26,0.0,0.0,0.0,0.0,0.0
16048,2010-09-26,0,6,9,26,0.0,0.0,0.0,0.0,0.0
15030,2010-09-27,0,0,9,27,0.0,15.0,0.0,1.7857142857142858,0.0
16259,2010-09-27,0,0,9,27,0.0,0.0,0.0,0.0,0.0
16047,2010-09-27,5184,0,9,27,0.0,0.0,741.5714285714286,370.7857142857143,1958.9286065893994
10134,2010-09-27,0,0,9,27,0.0,0.0,0.0,0.14285714285714285,0.0
16053,2010-09-27,2000,0,9,27,0.0,0.0,285.7142857142857,142.85714285714286,755.9289460184544
17033,2010-09-27,0,0,9,27,0.0,0.0,0.0,0.0,0.0
10080,2010-09-27,0,0,9,27,0.0,0.0,0.0,0.42857142857142855,0.0
16254,2010-09-27,0,0,9,27,0.0,0.0,0.0,0.0,0.0
16045,2010-09-27,0,0,9,27,0.0,0.0,0.0,7.142857142857143,0.0
16043,2010-09-27,960,0,9,27,0.0,0.0,137.14285714285714,68.57142857142857,362.84589408885813
16048,2010-09-27,768,0,9,27,0.0,0.0,109.71428571428571,54.857142857142854,290.2767152710865
16049,2010-09-27,0,0,9,27,0.0,0.0,0.0,0.0,0.0
16054,2010-09-27,0,0,9,27,0.0,0.0,0.0,0.0,0.0
16212,2010-09-27,0,0,9,27,0.0,0.0,2.0,2.0,4.864839839775465
17033,2010-09-28,0,1,9,28,0.0,0.0,0.0,0.0,0.0
15030,2010-09-28,0,1,9,28,0.0,0.0,0.0,1.7857142857142858,0.0
10134,2010-09-28,0,1,9,28,0.0,0.0,0.0,0.14285714285714285,0.0
16053,2010-09-28,-2000,1,9,28,2000.0,0.0,0.0,0.0,1154.7005383792514
10080,2010-09-28,0,1,9,28,0.0,0.0,0.0,0.42857142857142855,0.0
16054,2010-09-28,0,1,9,28,0.0,0.0,0.0,0.0,0.0
16043,2010-09-28,-960,1,9,28,960.0,0.0,0.0,0.0,554.2562584220408
16259,2010-09-28,0,1,9,28,0.0,0.0,0.0,0.0,0.0
16047,2010-09-28,-5184,1,9,28,5184.0,0.0,1.0,0.5,2992.9849648803784
16049,2010-09-28,0,1,9,28,0.0,0.0,0.0,0.0,0.0
16254,2010-09-28,0,1,9,28,0.0,0.0,0.0,0.0,0.0
16212,2010-09-28,0,1,9,28,0.0,1.0,1.8571428571428572,2.0,4.913538149119945
16045,2010-09-28,0,1,9,28,0.0,0.0,0.0,7.142857142857143,0.0
16048,2010-09-28,0,1,9,28,768.0,0.0,109.71428571428571,54.857142857142854,290.2767152710865
16254,2010-09-29,1,2,9,29,0.0,0.0,0.14285714285714285,0.07142857142857142,0.3779644730092273
16045,2010-09-29,0,2,9,29,0.0,0.0,0.0,0.0,0.0
16054,2010-09-29,0,2,9,29,0.0,0.0,0.0,0.0,0.0
16048,2010-09-29,0,2,9,29,0.0,0.0,109.71428571428571,54.857142857142854,290.2767152710865
16049,2010-09-29,0,2,9,29,0.0,0.0,0.0,0.0,0.0
16047,2010-09-29,0,2,9,29,-5184.0,0.0,1.0,0.5,2992.9849648803784
16043,2010-09-29,0,2,9,29,-960.0,0.0,0.0,0.0,554.2562584220408
16259,2010-09-29,108,2,9,29,0.0,0.0,15.428571428571429,7.714285714285714,40.820163084996544
15030,2010-09-29,0,2,9,29,0.0,0.0,0.0,1.7857142857142858,0.0
16053,2010-09-29,0,2,9,29,-2000.0,0.0,0.0,0.0,1154.7005383792514
10134,2010-09-29,0,2,9,29,0.0,0.0,0.0,0.14285714285714285,0.0
16212,2010-09-29,0,2,9,29,0.0,0.0,1.8571428571428572,1.8571428571428572,4.913538149119945
17033,2010-09-29,0,2,9,29,0.0,0.0,0.0,0.0,0.0
10080,2010-09-29,0,2,9,29,0.0,0.0,0.0,0.42857142857142855,0.0
16047,2010-09-30,0,3,9,30,0.0,7.0,0.0,0.5,2992.98379547902
16049,2010-09-30,0,3,9,30,0.0,0.0,0.0,0.0,0.0
16259,2010-09-30,0,3,9,30,108.0,0.0,15.428571428571429,7.714285714285714,40.820163084996544
16043,2010-09-30,0,3,9,30,0.0,0.0,0.0,0.0,554.2562584220408
16212,2010-09-30,0,3,9,30,0.0,13.0,0.0,1.8571428571428572,0.0
16045,2010-09-30,0,3,9,30,0.0,0.0,0.0,0.0,0.0
16254,2010-09-30,0,3,9,30,1.0,0.0,0.14285714285714285,0.07142857142857142,0.3779644730092273
10080,2010-09-30,0,3,9,30,0.0,0.0,0.0,0.0,0.0
17033,2010-09-30,0,3,9,30,0.0,0.0,0.0,0.0,0.0
16054,2010-09-30,0,3,9,30,0.0,0.0,0.0,0.0,0.0
16053,2010-09-30,0,3,9,30,0.0,0.0,0.0,0.0,1154.7005383792514
17001,2010-09-30,0,3,9,30,0.0,0.0,0.0,0.0,0.0
16048,2010-09-30,0,3,9,30,0.0,0.0,109.71428571428571,54.857142857142854,290.2767152710865
10134,2010-09-30,0,3,9,30,0.0,0.0,0.0,0.14285714285714285,0.0
15030,2010-09-30,0,3,9,30,0.0,0.0,0.0,1.0714285714285714,0.0
17033,2010-10-01,0,4,10,1,0.0,0.0,0.0,0.0,0.0
16053,2010-10-01,0,4,10,1,0.0,0.0,0.0,0.0,1154.7005383792514
10080,2010-10-01,0,4,10,1,0.0,0.0,0.0,0.0,0.0
16043,2010-10-01,0,4,10,1,0.0,0.0,0.0,0.0,554.2562584220408
16216,2010-10-01,0,4,10,1,0.0,0.0,0.0,1.7857142857142858,0.0
16049,2010-10-01,0,4,10,1,0.0,0.0,0.0,0.0,0.0
16054,2010-10-01,0,4,10,1,0.0,0.0,0.0,0.0,0.0
16254,2010-10-01,0,4,10,1,0.0,0.0,0.14285714285714285,0.07142857142857142,0.3779644730092273
10134,2010-10-01,0,4,10,1,0.0,0.0,0.0,0.14285714285714285,0.0
16259,2010-10-01,0,4,10,1,0.0,0.0,15.428571428571429,7.714285714285714,40.820163084996544
16048,2010-10-01,24,4,10,1,0.0,0.0,113.14285714285714,56.57142857142857,288.9033451816418
17001,2010-10-01,0,4,10,1,0.0,0.0,0.0,0.0,0.0
15030,2010-10-01,0,4,10,1,0.0,0.0,0.0,1.0714285714285714,0.0
16212,2010-10-01,0,4,10,1,0.0,0.0,0.0,1.8571428571428572,0.0
16047,2010-10-01,0,4,10,1,0.0,0.0,0.0,0.5,2992.98379547902
16033,2010-10-01,0,4,10,1,120.0,120.0,17.142857142857142,17.142857142857142,45.35573676110729
16045,2010-10-01,0,4,10,1,0.0,0.0,0.0,0.0,0.0
15030,2010-10-02,0,5,10,2,0.0,0.0,0.0,1.0714285714285714,0.0
16053,2010-10-02,0,5,10,2,0.0,0.0,0.0,0.0,1154.7005383792514
16045,2010-10-02,0,5,10,2,0.0,0.0,0.0,0.0,0.0
16254,2010-10-02,0,5,10,2,0.0,0.0,0.14285714285714285,0.07142857142857142,0.3779644730092273
16212,2010-10-02,0,5,10,2,0.0,0.0,0.0,1.8571428571428572,0.0
16048,2010-10-02,0,5,10,2,24.0,0.0,113.14285714285714,56.57142857142857,288.9033451816418
10080,2010-10-02,0,5,10,2,0.0,0.0,0.0,0.0,0.0
10134,2010-10-02,0,5,10,2,0.0,0.0,0.0,0.14285714285714285,0.0
16047,2010-10-02,0,5,10,2,0.0,0.0,0.0,0.5,2992.98379547902
16043,2010-10-02,0,5,10,2,0.0,0.0,0.0,0.0,554.2562584220408
16049,2010-10-02,0,5,10,2,0.0,0.0,0.0,0.0,0.0
16259,2010-10-02,0,5,10,2,0.0,0.0,15.428571428571429,7.714285714285714,40.820163084996544
16033,2010-10-02,0,5,10,2,0.0,0.0,17.142857142857142,17.142857142857142,45.35573676110729
16054,2010-10-02,0,5,10,2,0.0,0.0,0.0,0.0,0.0
17001,2010-10-02,0,5,10,2,0.0,0.0,0.0,0.0,0.0
16216,2010-10-02,0,5,10,2,0.0,0.0,0.0,1.7857142857142858,0.0
17033,2010-10-02,0,5,10,2,0.0,0.0,0.0,0.0,0.0
16047,2010-10-03,0,6,10,3,0.0,0.0,0.0,0.5,2992.98379547902
16048,2010-10-03,0,6,10,3,0.0,0.0,113.14285714285714,56.57142857142857,288.9033451816418
16259,2010-10-03,108,6,10,3,0.0,0.0,30.857142857142858,15.428571428571429,52.69860393922079
10134,2010-10-03,0,6,10,3,0.0,0.0,0.0,0.0,0.0
16043,2010-10-03,0,6,10,3,0.0,0.0,0.0,0.0,554.2562584220408
16254,2010-10-03,0,6,10,3,0.0,0.0,0.14285714285714285,0.07142857142857142,0.3779644730092273
16045,2010-10-03,0,6,10,3,0.0,0.0,0.0,0.0,0.0
16212,2010-10-03,0,6,10,3,0.0,0.0,0.0,1.0,0.0
16216,2010-10-03,0,6,10,3,0.0,0.0,0.0,1.7857142857142858,0.0
15030,2010-10-03,0,6,10,3,0.0,0.0,0.0,1.0714285714285714,0.0
16049,2010-10-03,0,6,10,3,0.0,0.0,0.0,0.0,0.0
16054,2010-10-03,0,6,10,3,0.0,0.0,0.0,0.0,0.0
17001,2010-10-03,0,6,10,3,0.0,0.0,0.0,0.0,0.0
17033,2010-10-03,0,6,10,3,0.0,0.0,0.0,0.0,0.0
10080,2010-10-03,0,6,10,3,0.0,0.0,0.0,0.0,0.0
16053,2010-10-03,0,6,10,3,0.0,0.0,0.0,0.0,1154.7005383792514
16033,2010-10-03,0,6,10,3,0.0,0.0,17.142857142857142,17.142857142857142,45.35573676110729
16043,2010-10-04,0,0,10,4,0.0,960.0,-137.14285714285714,0.0,362.84589408885813
10080,2010-10-04,0,0,10,4,0.0,0.0,0.0,0.0,0.0
17001,2010-10-04,0,0,10,4,0.0,0.0,0.0,0.0,0.0
15030,2010-10-04,0,0,10,4,0.0,0.0,0.0,0.0,0.0
16054,2010-10-04,0,0,10,4,0.0,0.0,0.0,0.0,0.0
16259,2010-10-04,0,0,10,4,108.0,0.0,30.857142857142858,15.428571428571429,52.69860393922079
16045,2010-10-04,0,0,10,4,0.0,0.0,0.0,0.0,0.0
16033,2010-10-04,0,0,10,4,0.0,0.0,17.142857142857142,17.142857142857142,45.35573676110729
16254,2010-10-04,0,0,10,4,0.0,0.0,0.14285714285714285,0.07142857142857142,0.3779644730092273
16053,2010-10-04,0,0,10,4,0.0,2000.0,-285.7142857142857,0.0,755.9289460184544
17033,2010-10-04,0,0,10,4,0.0,0.0,0.0,0.0,0.0
16212,2010-10-04,0,0,10,4,0.0,0.0,0.0,1.0,0.0
16046,2010-10-04,0,0,10,4,0.0,4608.0,-658.2857142857143,0.0,1741.660291626519
10134,2010-10-04,0,0,10,4,0.0,0.0,0.0,0.0,0.0
16048,2010-10-04,0,0,10,4,0.0,768.0,3.4285714285714284,56.57142857142857,9.071147352221987
16049,2010-10-04,0,0,10,4,0.0,0.0,0.0,0.0,0.0
16012,2010-10-04,0,0,10,4,24.0,0.0,6.857142857142857,5.142857142857143,11.710800875382398
16216,2010-10-04,0,0,10,4,0.0,0.0,0.0,1.7857142857142858,0.0
16047,2010-10-04,0,0,10,4,0.0,5184.0,-740.5714285714286,0.5,1959.3678280798338
17001,2010-10-05,0,1,10,5,0.0,0.0,0.0,0.0,0.0
16043,2010-10-05,0,1,10,5,0.0,-960.0,0.0,0.0,0.0
15030,2010-10-05,0,1,10,5,0.0,0.0,0.0,0.0,0.0
16054,2010-10-05,0,1,10,5,0.0,0.0,0.0,0.0,0.0
16012,2010-10-05,24,1,10,5,0.0,24.0,6.857142857142857,6.857142857142857,11.710800875382398
16254,2010-10-05,0,1,10,5,0.0,0.0,0.14285714285714285,0.07142857142857142,0.3779644730092273
17033,2010-10-05,0,1,10,5,0.0,0.0,0.0,0.0,0.0
16212,2010-10-05,16,1,10,5,0.0,0.0,2.2857142857142856,2.0714285714285716,6.047431568147628
10134,2010-10-05,10,1,10,5,0.0,0.0,1.4285714285714286,0.7142857142857143,3.7796447300922695
16046,2010-10-05,0,1,10,5,0.0,-4608.0,0.0,0.0,0.0
16048,2010-10-05,0,1,10,5,0.0,0.0,3.4285714285714284,56.57142857142857,9.071147352221987
16049,2010-10-05,0,1,10,5,0.0,0.0,0.0,0.0,0.0
16033,2010-10-05,120,1,10,5,0.0,0.0,34.285714285714285,25.714285714285715,58.55400437691203
16045,2010-10-05,0,1,10,5,0.0,0.0,0.0,0.0,0.0
10080,2010-10-05,0,1,10,5,0.0,0.0,0.0,0.0,0.0
16047,2010-10-05,0,1,10,5,0.0,-5184.0,0.0,0.5,0.0
16259,2010-10-05,108,1,10,5,0.0,0.0,46.285714285714285,23.142857142857142,57.72842825308366
16053,2010-10-05,0,1,10,5,0.0,-2000.0,0.0,0.0,0.0
16216,2010-10-05,0,1,10,5,0.0,0.0,0.0,1.7857142857142858,0.0
16048,2010-10-06,0,2,10,6,0.0,0.0,3.4285714285714284,56.57142857142857,9.071147352221987
16033,2010-10-06,0,2,10,6,120.0,0.0,34.285714285714285,25.714285714285715,58.55400437691203
16212,2010-10-06,0,2,10,6,16.0,0.0,2.2857142857142856,2.0714285714285716,6.047431568147628
16053,2010-10-06,0,2,10,6,0.0,0.0,0.0,0.0,0.0
17033,2010-10-06,0,2,10,6,0.0,0.0,0.0,0.0,0.0
15030,2010-10-06,0,2,10,6,0.0,0.0,0.0,0.0,0.0
16043,2010-10-06,0,2,10,6,0.0,0.0,0.0,0.0,0.0
16049,2010-10-06,0,2,10,6,0.0,0.0,0.0,0.0,0.0
10134,2010-10-06,0,2,10,6,10.0,0.0,1.4285714285714286,0.7142857142857143,3.77964473009227
16216,2010-10-06,0,2,10,6,0.0,0.0,0.0,1.7857142857142858,0.0
16046,2010-10-06,0,2,10,6,0.0,0.0,0.0,0.0,0.0
10080,2010-10-06,0,2,10,6,0.0,0.0,0.0,0.0,0.0
17001,2010-10-06,0,2,10,6,0.0,0.0,0.0,0.0,0.0
16045,2010-10-06,0,2,10,6,0.0,0.0,0.0,0.0,0.0
16259,2010-10-06,0,2,10,6,108.0,108.0,30.857142857142858,23.142857142857142,52.69860393922078
16054,2010-10-06,0,2,10,6,0.0,0.0,0.0,0.0,0.0
16254,2010-10-06,0,2,10,6,0.0,1.0,0.0,0.07142857142857142,0.0
16047,2010-10-06,0,2,10,6,0.0,0.0,0.0,0.5,0.0
16012,2010-10-06,0,2,10,6,24.0,0.0,6.857142857142857,6.857142857142857,11.710800875382398
16033,2010-10-07,0,3,10,7,0.0,120.0,17.142857142857142,25.714285714285715,45.35573676110729
16010,2010-10-07,0,3,10,7,0.0,0.0,0.0,0.0,0.0
16259,2010-10-07,108,3,10,7,0.0,0.0,46.285714285714285,30.857142857142858,57.728428253083656
16049,2010-10-07,0,3,10,7,0.0,0.0,0.0,0.0,0.0
16045,2010-10-07,0,3,10,7,0.0,0.0,0.0,0.0,0.0
16054,2010-10-07,1,3,10,7,0.0,0.0,0.14285714285714285,0.07142857142857142,0.37796447300922725
16047,2010-10-07,37,3,10,7,0.0,0.0,5.285714285714286,2.642857142857143,13.984685501319252
16254,2010-10-07,0,3,10,7,0.0,0.0,0.0,0.07142857142857142,0.0
16212,2010-10-07,0,3,10,7,0.0,0.0,2.2857142857142856,1.1428571428571428,6.047431568147628
17033,2010-10-07,0,3,10,7,0.0,0.0,0.0,0.0,0.0
15030,2010-10-07,0,3,10,7,0.0,0.0,0.0,0.0,0.0
16048,2010-10-07,0,3,10,7,0.0,0.0,3.4285714285714284,56.57142857142857,9.071147352221987
16053,2010-10-07,0,3,10,7,0.0,0.0,0.0,0.0,0.0
16012,2010-10-07,0,3,10,7,0.0,0.0,6.857142857142857,6.857142857142857,11.710800875382398
17001,2010-10-07,0,3,10,7,0.0,0.0,0.0,0.0,0.0
16043,2010-10-07,0,3,10,7,0.0,0.0,0.0,0.0,0.0
10080,2010-10-07,0,3,10,7,0.0,0.0,0.0,0.0,0.0
16216,2010-10-07,0,3,10,7,0.0,0.0,0.0,0.0,0.0
10134,2010-10-07,0,3,10,7,0.0,0.0,1.4285714285714286,0.7142857142857143,3.77964473009227
16046,2010-10-07,2,3,10,7,0.0,0.0,0.2857142857142857,0.14285714285714285,0.7559289460184545
16048,2010-10-08,0,4,10,8,0.0,24.0,0.0,56.57142857142857,0.0
16010,2010-10-08,0,4,10,8,0.0,0.0,0.0,0.0,0.0
16216,2010-10-08,0,4,10,8,0.0,0.0,0.0,0.0,0.0
16046,2010-10-08,0,4,10,8,2.0,0.0,0.2857142857142857,0.14285714285714285,0.7559289460184545
10134,2010-10-08,0,4,10,8,0.0,0.0,1.4285714285714286,0.7142857142857143,3.77964473009227
16049,2010-10-08,0,4,10,8,0.0,0.0,0.0,0.0,0.0
16053,2010-10-08,0,4,10,8,0.0,0.0,0.0,0.0,0.0
17033,2010-10-08,0,4,10,8,0.0,0.0,0.0,0.0,0.0
16212,2010-10-08,0,4,10,8,0.0,0.0,2.2857142857142856,1.1428571428571428,6.047431568147628
16033,2010-10-08,0,4,10,8,0.0,0.0,17.142857142857142,17.142857142857142,45.35573676110729
16254,2010-10-08,0,4,10,8,0.0,0.0,0.0,0.07142857142857142,0.0
10080,2010-10-08,0,4,10,8,0.0,0.0,0.0,0.0,0.0
17001,2010-10-08,0,4,10,8,0.0,0.0,0.0,0.0,0.0
16012,2010-10-08,0,4,10,8,0.0,0.0,6.857142857142857,5.142857142857143,11.710800875382398
16259,2010-10-08,0,4,10,8,108.0,0.0,46.285714285714285,30.857142857142858,57.728428253083656
16047,2010-10-08,0,4,10,8,37.0,0.0,5.285714285714286,2.642857142857143,13.984685501319252
16043,2010-10-08,0,4,10,8,0.0,0.0,0.0,0.0,0.0
16045,2010-10-08,0,4,10,8,0.0,0.0,0.0,0.0,0.0
16011,2010-10-08,0,4,10,8,41.0,0.0,9.285714285714286,24.357142857142858,16.600344230510043
17021,2010-10-08,0,4,10,8,0.0,0.0,5.142857142857143,2.5714285714285716,13.60672102833253
15030,2010-10-08,0,4,10,8,0.0,0.0,0.0,0.0,0.0
17033,2010-10-09,0,5,10,9,0.0,0.0,0.0,0.0,0.0
16011,2010-10-09,0,5,10,9,0.0,0.0,9.285714285714286,24.357142857142858,16.600344230510043
16043,2010-10-09,0,5,10,9,0.0,0.0,0.0,0.0,0.0
15030,2010-10-09,0,5,10,9,0.0,0.0,0.0,0.0,0.0
16049,2010-10-09,0,5,10,9,0.0,0.0,0.0,0.0,0.0
16045,2010-10-09,0,5,10,9,0.0,0.0,0.0,0.0,0.0
16053,2010-10-09,0,5,10,9,0.0,0.0,0.0,0.0,0.0
10134,2010-10-09,0,5,10,9,0.0,0.0,1.4285714285714286,0.7142857142857143,3.77964473009227
17038,2010-10-09,0,5,10,9,0.0,0.0,14.285714285714286,7.142857142857143,37.79644730092272
17021,2010-10-09,0,5,10,9,0.0,0.0,5.142857142857143,2.5714285714285716,13.60672102833253
16046,2010-10-09,0,5,10,9,0.0,0.0,0.2857142857142857,0.14285714285714285,0.7559289460184545
15039,2010-10-09,0,5,10,9,0.0,0.0,0.0,0.6428571428571429,0.0
16219,2010-10-09,0,5,10,9,0.0,0.0,5.142857142857143,2.5714285714285716,13.60672102833218
16052,2010-10-09,0,5,10,9,0.0,0.0,0.0,0.0,0.0
16010,2010-10-09,0,5,10,9,0.0,0.0,0.0,0.0,0.0
16048,2010-10-09,0,5,10,9,0.0,0.0,0.0,56.57142857142857,0.0
16259,2010-10-09,0,5,10,9,0.0,0.0,46.285714285714285,30.857142857142858,57.728428253083656
16216,2010-10-09,0,5,10,9,0.0,0.0,0.0,0.0,0.0
16012,2010-10-09,0,5,10,9,0.0,0.0,6.857142857142857,5.142857142857143,11.710800875382398
17001,2010-10-09,0,5,10,9,0.0,0.0,0.0,0.0,0.0
16212,2010-10-09,0,5,10,9,0.0,0.0,2.2857142857142856,1.1428571428571428,6.047431568147628
16047,2010-10-09,0,5,10,9,0.0,0.0,5.285714285714286,2.642857142857143,13.984685501319252
10080,2010-10-09,0,5,10,9,0.0,0.0,0.0,0.0,0.0
16033,2010-10-09,0,5,10,9,0.0,0.0,17.142857142857142,17.142857142857142,45.35573676110729
16218,2010-10-09,0,5,10,9,0.0,0.0,0.0,0.0,0.0
16254,2010-10-09,0,5,10,9,0.0,0.0,0.0,0.07142857142857142,0.0
17033,2010-10-10,0,6,10,10,0.0,0.0,0.0,0.0,0.0
16052,2010-10-10,0,6,10,10,0.0,0.0,0.0,0.0,0.0
16219,2010-10-10,0,6,10,10,0.0,0.0,5.142857142857143,2.5714285714285716,13.60672102833218
16043,2010-10-10,0,6,10,10,0.0,0.0,0.0,0.0,0.0
16012,2010-10-10,24,6,10,10,0.0,24.0,6.857142857142857,6.857142857142857,11.710800875382398
10080,2010-10-10,0,6,10,10,0.0,0.0,0.0,0.0,0.0
16216,2010-10-10,0,6,10,10,0.0,0.0,0.0,0.0,0.0
10125,2010-10-10,0,6,10,10,0.0,0.0,2.857142857142857,1.4285714285714286,7.559289460184545
15030,2010-10-10,0,6,10,10,0.0,0.0,0.0,0.0,0.0
16048,2010-10-10,0,6,10,10,0.0,0.0,0.0,56.57142857142857,0.0
16218,2010-10-10,0,6,10,10,0.0,0.0,0.0,0.0,0.0
16046,2010-10-10,0,6,10,10,0.0,0.0,0.2857142857142857,0.14285714285714285,0.7559289460184545
16053,2010-10-10,0,6,10,10,0.0,0.0,0.0,0.0,0.0
17038,2010-10-10,0,6,10,10,0.0,0.0,14.285714285714286,7.142857142857143,37.79644730092272
16254,2010-10-10,0,6,10,10,0.0,0.0,0.0,0.07142857142857142,0.0
16047,2010-10-10,6,6,10,10,0.0,0.0,6.142857142857143,3.0714285714285716,13.789229751593728
10134,2010-10-10,0,6,10,10,0.0,0.0,1.4285714285714286,0.7142857142857143,3.77964473009227
10120,2010-10-10,0,6,10,10,0.0,0.0,4.285714285714286,2.142857142857143,11.338934190276822
16212,2010-10-10,0,6,10,10,0.0,0.0,2.2857142857142856,1.1428571428571428,6.047431568147628
17001,2010-10-10,36,6,10,10,0.0,0.0,5.142857142857143,2.5714285714285716,13.606721028332071
16011,2010-10-10,24,6,10,10,0.0,0.0,12.714285714285714,16.642857142857142,16.83957922786161
16049,2010-10-10,0,6,10,10,0.0,0.0,0.0,0.0,0.0
16045,2010-10-10,0,6,10,10,0.0,0.0,0.0,0.0,0.0
16033,2010-10-10,0,6,10,10,0.0,0.0,17.142857142857142,17.142857142857142,45.35573676110729
16259,2010-10-10,0,6,10,10,0.0,108.0,30.857142857142858,30.857142857142858,52.698603939220774
17021,2010-10-10,0,6,10,10,0.0,0.0,5.142857142857143,2.5714285714285716,13.60672102833253
16010,2010-10-10,0,6,10,10,0.0,0.0,0.0,0.0,0.0
15039,2010-10-10,0,6,10,10,0.0,0.0,0.0,0.07142857142857142,0.0
16010,2010-10-11,0,0,10,11,0.0,0.0,0.0,0.0,0.0
16259,2010-10-11,0,0,10,11,0.0,0.0,30.857142857142858,30.857142857142858,52.698603939220774
16011,2010-10-11,49,0,10,11,24.0,0.0,19.714285714285715,20.142857142857142,20.46716301554179
10133,2010-10-11,3,0,10,11,0.0,0.0,7.571428571428571,6.071428571428571,18.742617594288003
16212,2010-10-11,0,0,10,11,0.0,0.0,2.2857142857142856,1.1428571428571428,6.047431568147628
16216,2010-10-11,0,0,10,11,0.0,0.0,0.0,0.0,0.0
16218,2010-10-11,80,0,10,11,0.0,0.0,11.428571428571429,5.714285714285714,30.23715784073818
16014,2010-10-11,0,0,10,11,0.0,0.0,0.0,0.0,0.0
16016,2010-10-11,0,0,10,11,0.0,0.0,0.0,0.21428571428571427,0.0
10135,2010-10-11,10,0,10,11,1.0,11.0,2.0,3.2142857142857144,3.6968455021338102
10080,2010-10-11,0,0,10,11,0.0,0.0,0.0,0.0,0.0
16008,2010-10-11,0,0,10,11,0.0,0.0,1.7142857142857142,0.8571428571428571,4.535573676110725
16033,2010-10-11,240,0,10,11,0.0,0.0,51.42857142857143,34.285714285714285,94.41549509633322
17003,2010-10-11,0,0,10,11,120.0,720.0,701.7142857142857,408.42857142857144,1786.5555047153086
16225,2010-10-11,0,0,10,11,24.0,0.0,3.5714285714285716,1.7857142857142858,9.015859043136903
11001,2010-10-11,16,0,10,11,32.0,32.0,27.428571428571427,42.357142857142854,28.79153314695801
16052,2010-10-11,0,0,10,11,0.0,0.0,0.0,0.0,0.0
16237,2010-10-11,2,0,10,11,0.0,90.0,27.142857142857142,21.214285714285715,36.562405881034735
16048,2010-10-11,0,0,10,11,0.0,0.0,0.0,1.7142857142857142,0.0
16012,2010-10-11,0,0,10,11,24.0,0.0,6.857142857142857,6.857142857142857,11.710800875382398
16254,2010-10-11,0,0,10,11,0.0,0.0,0.0,0.07142857142857142,0.0
16015,2010-10-11,0,0,10,11,0.0,20.0,0.0,5.0,0.0
16238,2010-10-11,2,0,10,11,0.0,28.0,8.571428571428571,6.571428571428571,20.93527440196842
15030,2010-10-11,0,0,10,11,0.0,0.0,0.0,0.0,0.0
15039,2010-10-11,0,0,10,11,0.0,0.0,0.0,0.07142857142857142,0.0
16219,2010-10-11,1,0,10,11,0.0,0.0,5.285714285714286,2.642857142857143,13.548853404308003
16235,2010-10-11,0,0,10,11,0.0,0.0,8.714285714285714,5.5,22.617944835272475
17033,2010-10-11,0,0,10,11,0.0,0.0,0.0,0.0,0.0
17021,2010-10-11,0,0,10,11,0.0,0.0,5.142857142857143,2.5714285714285716,13.60672102833253
16053,2010-10-11,0,0,10,11,0.0,0.0,0.0,-142.85714285714286,0.0
15036,2010-10-11,600,0,10,11,0.0,0.0,85.71428571428571,44.5,226.77868380553633
15034,2010-10-11,1,0,10,11,72.0,0.0,10.428571428571429,5.214285714285714,27.153005621583
16046,2010-10-11,0,0,10,11,0.0,0.0,0.2857142857142857,-329.0,0.7559289460184545
10002,2010-10-11,12,0,10,11,0.0,24.0,5.142857142857143,34.642857142857146,9.441549509633344
16043,2010-10-11,0,0,10,11,0.0,0.0,0.0,-68.57142857142857,0.0
10134,2010-10-11,2,0,10,11,0.0,0.0,1.7142857142857142,0.8571428571428571,3.7289089429432147
16236,2010-10-11,28,0,10,11,0.0,1.0,8.571428571428571,7.642857142857143,13.352367366340484
17038,2010-10-11,0,0,10,11,0.0,0.0,14.285714285714286,7.142857142857143,37.79644730092272
10125,2010-10-11,6,0,10,11,0.0,0.0,3.7142857142857144,1.8571428571428572,7.521398046336105
10120,2010-10-11,0,0,10,11,0.0,0.0,4.285714285714286,2.142857142857143,11.338934190276822
16045,2010-10-11,0,0,10,11,0.0,0.0,0.0,0.0,0.0
16049,2010-10-11,0,0,10,11,0.0,0.0,0.0,0.0,0.0
17001,2010-10-11,0,0,10,11,36.0,0.0,5.142857142857143,2.5714285714285716,13.606721028332071
16047,2010-10-11,0,0,10,11,6.0,0.0,6.142857142857143,-367.2142857142857,13.789229751593728
17001,2010-10-12,36,1,10,12,0.0,0.0,10.285714285714286,5.142857142857143,17.566201313073513
16259,2010-10-12,108,1,10,12,0.0,108.0,30.857142857142858,38.57142857142857,52.698603939220774
16014,2010-10-12,20,1,10,12,0.0,0.0,2.857142857142857,1.4285714285714286,7.559289460175593
16219,2010-10-12,0,1,10,12,1.0,36.0,0.14285714285714285,2.642857142857143,0.377964473009311
16010,2010-10-12,0,1,10,12,0.0,0.0,0.0,0.0,0.0
16049,2010-10-12,0,1,10,12,0.0,0.0,0.0,0.0,0.0
17033,2010-10-12,36,1,10,12,0.0,0.0,5.142857142857143,2.5714285714285716,13.606721028331915
10133,2010-10-12,0,1,10,12,3.0,0.0,7.571428571428571,6.071428571428571,18.742617594288003
16011,2010-10-12,0,1,10,12,49.0,24.0,16.285714285714285,20.142857142857142,21.607979125886846
15034,2010-10-12,0,1,10,12,1.0,0.0,10.428571428571429,5.214285714285714,27.153005621583
10134,2010-10-12,0,1,10,12,2.0,10.0,0.2857142857142857,0.8571428571428571,0.7559289460184528
10120,2010-10-12,0,1,10,12,0.0,0.0,4.285714285714286,2.142857142857143,11.338934190276822
16218,2010-10-12,0,1,10,12,80.0,0.0,11.428571428571429,5.714285714285714,30.23715784073818
16052,2010-10-12,0,1,10,12,0.0,0.0,0.0,0.0,0.0
16237,2010-10-12,31,1,10,12,2.0,93.0,18.285714285714285,23.357142857142858,22.91080011489697
16047,2010-10-12,9,1,10,12,0.0,0.0,7.428571428571429,3.7142857142857144,13.53830544363271
16053,2010-10-12,0,1,10,12,0.0,0.0,0.0,0.0,0.0
17038,2010-10-12,1,1,10,12,0.0,100.0,0.14285714285714285,7.214285714285714,0.37796447300922925
16033,2010-10-12,120,1,10,12,240.0,120.0,51.42857142857143,42.857142857142854,94.41549509633322
15030,2010-10-12,0,1,10,12,0.0,0.0,0.0,0.0,0.0
16236,2010-10-12,28,1,10,12,28.0,0.0,12.571428571428571,9.571428571428571,14.501231474799452
16008,2010-10-12,0,1,10,12,0.0,0.0,1.7142857142857142,0.8571428571428571,4.535573676110725
17003,2010-10-12,23,1,10,12,0.0,0.0,705.0,404.92857142857144,1785.0704001056465
16216,2010-10-12,0,1,10,12,0.0,0.0,0.0,0.0,0.0
10002,2010-10-12,400,1,10,12,12.0,24.0,58.857142857142854,63.142857142857146,150.49632173957892
16254,2010-10-12,0,1,10,12,0.0,0.0,0.0,0.07142857142857142,0.0
10080,2010-10-12,0,1,10,12,0.0,0.0,0.0,0.0,0.0
16012,2010-10-12,0,1,10,12,0.0,24.0,3.4285714285714284,5.142857142857143,9.071147352221455
16238,2010-10-12,0,1,10,12,2.0,2.0,8.285714285714286,6.571428571428571,21.053220543140075
16048,2010-10-12,0,1,10,12,0.0,0.0,0.0,1.7142857142857142,0.0
16046,2010-10-12,10,1,10,12,0.0,0.0,1.7142857142857142,0.8571428571428571,3.728908942943218
16016,2010-10-12,20,1,10,12,0.0,0.0,2.857142857142857,1.6428571428571428,7.559289460184536
17021,2010-10-12,0,1,10,12,0.0,36.0,0.0,2.5714285714285716,0.0
10125,2010-10-12,21,1,10,12,6.0,0.0,6.714285714285714,3.357142857142857,9.673232581274398
16045,2010-10-12,0,1,10,12,0.0,0.0,0.0,0.0,0.0
15036,2010-10-12,48,1,10,12,600.0,0.0,92.57142857142857,47.357142857142854,224.4688969863881
16235,2010-10-12,30,1,10,12,0.0,0.0,13.0,7.642857142857143,23.515952032609697
11001,2010-10-12,240,1,10,12,16.0,48.0,54.857142857142854,58.357142857142854,86.0918667692223
16225,2010-10-12,0,1,10,12,0.0,0.0,3.5714285714285716,1.7857142857142858,9.015859043136903
16015,2010-10-12,20,1,10,12,0.0,0.0,2.857142857142857,6.428571428571429,7.5592894601845115
10135,2010-10-12,11,1,10,12,10.0,0.0,3.5714285714285716,3.2857142857142856,4.8599431703496325
15039,2010-10-12,0,1,10,12,0.0,0.0,0.0,0.0,0.0
16043,2010-10-12,0,1,10,12,0.0,0.0,0.0,0.0,0.0
16212,2010-10-12,11,1,10,12,0.0,16.0,1.5714285714285714,1.9285714285714286,4.157609203101489
17038,2010-10-13,0,2,10,13,1.0,0.0,0.14285714285714285,7.214285714285714,0.37796447300922925
10125,2010-10-13,0,2,10,13,21.0,0.0,6.714285714285714,3.357142857142857,9.673232581274398
16236,2010-10-13,29,2,10,13,28.0,0.0,16.714285714285715,9.642857142857142,14.453538041073609
16259,2010-10-13,0,2,10,13,108.0,0.0,30.857142857142858,30.857142857142858,52.698603939220774
10002,2010-10-13,26,2,10,13,400.0,0.0,62.57142857142857,65.0,149.11612604818782
10080,2010-10-13,0,2,10,13,0.0,0.0,0.0,0.0,0.0
17033,2010-10-13,0,2,10,13,36.0,0.0,5.142857142857143,2.5714285714285716,13.606721028331915
16212,2010-10-13,0,2,10,13,11.0,0.0,1.5714285714285714,1.9285714285714286,4.157609203101489
16237,2010-10-13,0,2,10,13,31.0,60.0,9.714285714285714,23.214285714285715,14.31449481835681
16046,2010-10-13,0,2,10,13,10.0,0.0,1.7142857142857142,0.8571428571428571,3.728908942943218
16254,2010-10-13,0,2,10,13,0.0,0.0,0.0,0.0,0.0
10134,2010-10-13,0,2,10,13,0.0,0.0,0.2857142857142857,0.8571428571428571,0.7559289460184528
16235,2010-10-13,0,2,10,13,30.0,0.0,13.0,6.5,23.515952032609697
17001,2010-10-13,0,2,10,13,36.0,0.0,10.285714285714286,5.142857142857143,17.566201313073513
10120,2010-10-13,30,2,10,13,0.0,0.0,8.571428571428571,4.285714285714286,14.638501094228001
17021,2010-10-13,42,2,10,13,0.0,0.0,6.0,5.571428571428571,15.874507866387841
11001,2010-10-13,99,2,10,13,240.0,16.0,66.71428571428571,64.28571428571429,85.56228586184898
10135,2010-10-13,0,2,10,13,11.0,0.0,3.5714285714285716,3.2857142857142856,4.8599431703496325
16053,2010-10-13,0,2,10,13,0.0,0.0,0.0,0.0,0.0
15036,2010-10-13,145,2,10,13,48.0,0.0,113.28571428571429,57.714285714285715,221.16864928956687
16048,2010-10-13,0,2,10,13,0.0,0.0,0.0,1.7142857142857142,0.0
16008,2010-10-13,0,2,10,13,0.0,0.0,1.7142857142857142,0.8571428571428571,4.535573676110725
15030,2010-10-13,0,2,10,13,0.0,0.0,0.0,0.0,0.0
16010,2010-10-13,0,2,10,13,0.0,0.0,0.0,0.0,0.0
15034,2010-10-13,0,2,10,13,0.0,0.0,10.428571428571429,5.214285714285714,27.153005621583
16047,2010-10-13,72,2,10,13,9.0,0.0,17.714285714285715,8.857142857142858,27.305153882935944
16043,2010-10-13,0,2,10,13,0.0,0.0,0.0,0.0,0.0
16218,2010-10-13,0,2,10,13,0.0,0.0,11.428571428571429,5.714285714285714,30.23715784073818
15039,2010-10-13,0,2,10,13,0.0,0.0,0.0,0.0,0.0
16015,2010-10-13,0,2,10,13,20.0,0.0,2.857142857142857,6.428571428571429,7.5592894601845115
16219,2010-10-13,0,2,10,13,0.0,0.0,0.14285714285714285,2.642857142857143,0.377964473009311
16014,2010-10-13,0,2,10,13,20.0,0.0,2.857142857142857,1.4285714285714286,7.559289460175594
16049,2010-10-13,0,2,10,13,0.0,0.0,0.0,0.0,0.0
16045,2010-10-13,0,2,10,13,0.0,0.0,0.0,0.0,0.0
16238,2010-10-13,1,2,10,13,0.0,0.0,8.428571428571429,6.571428571428571,20.9909277455535
16016,2010-10-13,0,2,10,13,20.0,0.0,2.857142857142857,1.6428571428571428,7.559289460184536
10133,2010-10-13,0,2,10,13,0.0,50.0,0.42857142857142855,4.642857142857143,1.1338934190276149
16011,2010-10-13,0,2,10,13,0.0,0.0,16.285714285714285,20.142857142857142,21.607979125886846
16225,2010-10-13,0,2,10,13,0.0,0.0,3.5714285714285716,1.7857142857142858,9.015859043136903
16012,2010-10-13,0,2,10,13,0.0,0.0,3.4285714285714284,5.142857142857143,9.071147352221455
16052,2010-10-13,0,2,10,13,0.0,0.0,0.0,0.0,0.0
17003,2010-10-13,36,2,10,13,23.0,0.0,710.1428571428571,407.5,1782.7510976551034
16033,2010-10-13,0,2,10,13,120.0,0.0,51.42857142857143,42.857142857142854,94.41549509633322
16216,2010-10-13,0,2,10,13,0.0,0.0,0.0,0.0,0.0
17038,2010-10-14,0,3,10,14,0.0,0.0,0.14285714285714285,7.214285714285714,0.37796447300922925
15034,2010-10-14,12,3,10,14,0.0,0.0,12.142857142857142,6.071428571428571,26.760845598427203
10135,2010-10-14,0,3,10,14,0.0,3.0,3.142857142857143,2.5714285714285716,5.047394424470002
16212,2010-10-14,0,3,10,14,0.0,0.0,1.5714285714285714,1.9285714285714286,4.157609203101489
16033,2010-10-14,0,3,10,14,0.0,0.0,51.42857142857143,34.285714285714285,94.41549509633322
16043,2010-10-14,0,3,10,14,0.0,0.0,0.0,0.0,0.0
16225,2010-10-14,0,3,10,14,0.0,0.0,3.5714285714285716,1.7857142857142858,9.015859043136903
16236,2010-10-14,0,3,10,14,29.0,4.0,16.142857142857142,8.857142857142858,15.104398602488521
16008,2010-10-14,0,3,10,14,0.0,12.0,0.0,0.8571428571428571,0.0
16259,2010-10-14,0,3,10,14,0.0,108.0,15.428571428571429,30.857142857142858,40.82016308499652
16016,2010-10-14,0,3,10,14,0.0,0.0,2.857142857142857,1.6428571428571428,7.559289460184536
17033,2010-10-14,0,3,10,14,0.0,0.0,5.142857142857143,2.5714285714285716,13.606721028331915
16049,2010-10-14,0,3,10,14,0.0,0.0,0.0,0.0,0.0
17003,2010-10-14,36,3,10,14,36.0,40.0,709.5714285714286,410.07142857142856,1783.0023235302542
11001,2010-10-14,0,3,10,14,99.0,80.0,55.285714285714285,63.07142857142857,88.77446007667272
10120,2010-10-14,0,3,10,14,30.0,0.0,8.571428571428571,4.285714285714286,14.638501094228001
10134,2010-10-14,10,3,10,14,0.0,0.0,1.7142857142857142,1.5714285714285714,3.7289089429432147
16010,2010-10-14,0,3,10,14,0.0,0.0,0.0,0.0,0.0
10002,2010-10-14,25,3,10,14,26.0,0.0,66.14285714285714,65.92857142857143,147.66000199944526
16046,2010-10-14,0,3,10,14,0.0,2.0,1.4285714285714286,0.8571428571428571,3.779644730092272
10133,2010-10-14,0,3,10,14,0.0,0.0,0.42857142857142855,3.9285714285714284,1.1338934190276149
16015,2010-10-14,0,3,10,14,0.0,0.0,2.857142857142857,2.857142857142857,7.5592894601845115
16011,2010-10-14,0,3,10,14,0.0,41.0,10.428571428571429,9.857142857142858,19.21680811908455
16219,2010-10-14,0,3,10,14,0.0,0.0,0.14285714285714285,2.642857142857143,0.377964473009311
16053,2010-10-14,0,3,10,14,0.0,0.0,0.0,0.0,0.0
16216,2010-10-14,0,3,10,14,0.0,0.0,0.0,0.0,0.0
10080,2010-10-14,0,3,10,14,0.0,0.0,0.0,0.0,0.0
16047,2010-10-14,0,3,10,14,72.0,37.0,12.428571428571429,8.857142857142858,26.51953457896832
15036,2010-10-14,0,3,10,14,145.0,0.0,113.28571428571429,56.642857142857146,221.16864928956687
16052,2010-10-14,0,3,10,14,0.0,0.0,0.0,0.0,0.0
15039,2010-10-14,0,3,10,14,0.0,0.0,0.0,0.0,0.0
16235,2010-10-14,0,3,10,14,0.0,1.0,12.857142857142858,6.5,23.603873774083297
17001,2010-10-14,36,3,10,14,0.0,0.0,15.428571428571429,7.714285714285714,19.242809417694478
16048,2010-10-14,0,3,10,14,0.0,0.0,0.0,1.7142857142857142,0.0
16237,2010-10-14,0,3,10,14,0.0,5.0,9.0,22.571428571428573,14.708274315273545
15030,2010-10-14,0,3,10,14,0.0,0.0,0.0,0.0,0.0
16218,2010-10-14,0,3,10,14,0.0,0.0,11.428571428571429,5.714285714285714,30.23715784073818
16238,2010-10-14,0,3,10,14,1.0,0.0,8.428571428571429,6.571428571428571,20.9909277455535
16014,2010-10-14,0,3,10,14,0.0,0.0,2.857142857142857,1.4285714285714286,7.559289460175594
16045,2010-10-14,0,3,10,14,0.0,0.0,0.0,0.0,0.0
17021,2010-10-14,0,3,10,14,42.0,0.0,6.0,5.571428571428571,15.874507866387841
10125,2010-10-14,0,3,10,14,0.0,0.0,6.714285714285714,3.357142857142857,9.673232581274398
16254,2010-10-14,0,3,10,14,0.0,0.0,0.0,0.0,0.0
16012,2010-10-14,0,3,10,14,0.0,0.0,3.4285714285714284,5.142857142857143,9.071147352221455
16011,2010-10-15,24,4,10,15,0.0,0.0,13.857142857142858,11.571428571428571,19.187049203638814
10120,2010-10-15,0,4,10,15,0.0,30.0,4.285714285714286,4.285714285714286,11.338934190276822
15030,2010-10-15,0,4,10,15,0.0,0.0,0.0,0.0,0.0
16033,2010-10-15,0,4,10,15,0.0,0.0,51.42857142857143,34.285714285714285,94.41549509633322
16259,2010-10-15,0,4,10,15,0.0,0.0,15.428571428571429,30.857142857142858,40.82016308499652
17021,2010-10-15,0,4,10,15,0.0,0.0,6.0,5.571428571428571,15.874507866387841
17001,2010-10-15,0,4,10,15,36.0,0.0,15.428571428571429,7.714285714285714,19.242809417694478
16238,2010-10-15,3,4,10,15,0.0,56.0,0.8571428571428571,6.571428571428571,1.2149857925879115
10125,2010-10-15,0,4,10,15,0.0,20.0,3.857142857142857,3.357142857142857,7.883074092183654
16014,2010-10-15,0,4,10,15,0.0,0.0,2.857142857142857,1.4285714285714286,7.559289460175594
16052,2010-10-15,0,4,10,15,0.0,0.0,0.0,0.0,0.0
16016,2010-10-15,0,4,10,15,0.0,0.0,2.857142857142857,1.6428571428571428,7.559289460184536
16216,2010-10-15,0,4,10,15,0.0,0.0,0.0,0.0,0.0
10133,2010-10-15,10,4,10,15,0.0,0.0,1.8571428571428572,4.642857142857143,3.7606990231680317
16012,2010-10-15,0,4,10,15,0.0,0.0,3.4285714285714284,5.142857142857143,9.071147352221455
16218,2010-10-15,0,4,10,15,0.0,0.0,11.428571428571429,5.714285714285714,30.23715784073818
16010,2010-10-15,0,4,10,15,0.0,0.0,0.0,0.0,0.0
15039,2010-10-15,0,4,10,15,0.0,0.0,0.0,0.0,0.0
17003,2010-10-15,46,4,10,15,36.0,4752.0,37.285714285714285,412.64285714285717,40.631327346090664
16049,2010-10-15,0,4,10,15,0.0,0.0,0.0,0.0,0.0
16219,2010-10-15,0,4,10,15,0.0,0.0,0.14285714285714285,2.642857142857143,0.377964473009311
16045,2010-10-15,0,4,10,15,0.0,0.0,0.0,0.0,0.0
16225,2010-10-15,0,4,10,15,0.0,1.0,3.4285714285714284,1.7857142857142858,9.07114735222141
16043,2010-10-15,0,4,10,15,0.0,0.0,0.0,0.0,0.0
16015,2010-10-15,4,4,10,15,0.0,0.0,3.4285714285714284,3.142857142857143,7.457817885886401
15036,2010-10-15,14,4,10,15,0.0,0.0,115.28571428571429,57.642857142857146,220.0338718513692
16254,2010-10-15,0,4,10,15,0.0,0.0,0.0,0.0,0.0
10134,2010-10-15,0,4,10,15,10.0,0.0,1.7142857142857142,1.5714285714285714,3.7289089429432147
15034,2010-10-15,0,4,10,15,12.0,0.0,12.142857142857142,6.071428571428571,26.760845598427203
10080,2010-10-15,0,4,10,15,0.0,0.0,0.0,0.0,0.0
11001,2010-10-15,1,4,10,15,0.0,0.0,55.42857142857143,44.857142857142854,88.67141054262667
16212,2010-10-15,0,4,10,15,0.0,0.0,1.5714285714285714,1.9285714285714286,4.157609203101489
16235,2010-10-15,0,4,10,15,0.0,60.0,4.285714285714286,6.5,11.338934190276843
16053,2010-10-15,0,4,10,15,0.0,0.0,0.0,0.0,0.0
10135,2010-10-15,10,4,10,15,0.0,0.0,4.571428571428571,3.2857142857142856,5.411627692819857
16046,2010-10-15,0,4,10,15,0.0,0.0,1.4285714285714286,0.8571428571428571,3.779644730092272
16008,2010-10-15,0,4,10,15,0.0,0.0,0.0,0.8571428571428571,0.0
17038,2010-10-15,0,4,10,15,0.0,0.0,0.14285714285714285,7.214285714285714,0.37796447300922925
17033,2010-10-15,0,4,10,15,0.0,0.0,5.142857142857143,2.5714285714285716,13.606721028331915
16047,2010-10-15,0,4,10,15,0.0,0.0,12.428571428571429,8.857142857142858,26.51953457896832
10002,2010-10-15,12,4,10,15,25.0,0.0,67.85714285714286,38.214285714285715,146.8314550444699
16237,2010-10-15,0,4,10,15,0.0,30.0,4.714285714285714,22.214285714285715,11.614850920470937
16236,2010-10-15,6,4,10,15,0.0,28.0,13.0,8.857142857142858,14.502873278538063
16048,2010-10-15,0,4,10,15,0.0,0.0,0.0,0.0,0.0
17038,2010-10-16,0,5,10,16,0.0,0.0,0.14285714285714285,7.214285714285714,0.37796447300922925
16008,2010-10-16,0,5,10,16,0.0,0.0,0.0,0.8571428571428571,0.0
10133,2010-10-16,0,5,10,16,10.0,0.0,1.8571428571428572,4.642857142857143,3.7606990231680317
16254,2010-10-16,0,5,10,16,0.0,0.0,0.0,0.0,0.0
10134,2010-10-16,0,5,10,16,0.0,0.0,1.7142857142857142,1.5714285714285714,3.7289089429432147
16235,2010-10-16,0,5,10,16,0.0,0.0,4.285714285714286,6.5,11.338934190276843
16047,2010-10-16,0,5,10,16,0.0,0.0,12.428571428571429,8.857142857142858,26.51953457896832
16212,2010-10-16,0,5,10,16,0.0,0.0,1.5714285714285714,1.9285714285714286,4.157609203101489
15039,2010-10-16,0,5,10,16,0.0,0.0,0.0,0.0,0.0
16218,2010-10-16,0,5,10,16,0.0,0.0,11.428571428571429,5.714285714285714,30.23715784073818
16049,2010-10-16,0,5,10,16,0.0,0.0,0.0,0.0,0.0
10080,2010-10-16,0,5,10,16,0.0,0.0,0.0,0.0,0.0
16219,2010-10-16,0,5,10,16,0.0,0.0,0.14285714285714285,2.642857142857143,0.377964473009311
17003,2010-10-16,0,5,10,16,46.0,0.0,37.285714285714285,412.64285714285717,40.631327346090664
16053,2010-10-16,0,5,10,16,0.0,0.0,0.0,0.0,0.0
16045,2010-10-16,0,5,10,16,0.0,0.0,0.0,0.0,0.0
16010,2010-10-16,0,5,10,16,0.0,0.0,0.0,0.0,0.0
16012,2010-10-16,0,5,10,16,0.0,0.0,3.4285714285714284,5.142857142857143,9.071147352221455
10002,2010-10-16,0,5,10,16,12.0,0.0,67.85714285714286,38.214285714285715,146.8314550444699
16016,2010-10-16,0,5,10,16,0.0,0.0,2.857142857142857,1.6428571428571428,7.559289460184536
16237,2010-10-16,0,5,10,16,0.0,0.0,4.714285714285714,22.214285714285715,11.614850920470937
17021,2010-10-16,0,5,10,16,0.0,0.0,6.0,5.571428571428571,15.874507866387841
16259,2010-10-16,0,5,10,16,0.0,0.0,15.428571428571429,30.857142857142858,40.82016308499652
16015,2010-10-16,0,5,10,16,4.0,0.0,3.4285714285714284,3.142857142857143,7.457817885886401
16011,2010-10-16,0,5,10,16,24.0,0.0,13.857142857142858,11.571428571428571,19.187049203638814
16046,2010-10-16,0,5,10,16,0.0,0.0,1.4285714285714286,0.8571428571428571,3.779644730092272
10120,2010-10-16,0,5,10,16,0.0,0.0,4.285714285714286,4.285714285714286,11.338934190276822
16052,2010-10-16,0,5,10,16,0.0,0.0,0.0,0.0,0.0
10135,2010-10-16,0,5,10,16,10.0,0.0,4.571428571428571,3.2857142857142856,5.411627692819857
15030,2010-10-16,0,5,10,16,0.0,0.0,0.0,0.0,0.0
16043,2010-10-16,0,5,10,16,0.0,0.0,0.0,0.0,0.0
15034,2010-10-16,0,5,10,16,0.0,0.0,12.142857142857142,6.071428571428571,26.760845598427203
16238,2010-10-16,0,5,10,16,3.0,0.0,0.8571428571428571,6.571428571428571,1.2149857925879115
16033,2010-10-16,0,5,10,16,0.0,0.0,51.42857142857143,34.285714285714285,94.41549509633322
11001,2010-10-16,0,5,10,16,1.0,0.0,55.42857142857143,44.857142857142854,88.67141054262667
16225,2010-10-16,0,5,10,16,0.0,0.0,3.4285714285714284,1.7857142857142858,9.07114735222141
16048,2010-10-16,0,5,10,16,0.0,0.0,0.0,0.0,0.0
16014,2010-10-16,0,5,10,16,0.0,0.0,2.857142857142857,1.4285714285714286,7.559289460175594
15036,2010-10-16,0,5,10,16,14.0,0.0,115.28571428571429,57.642857142857146,220.0338718513692
17033,2010-10-16,0,5,10,16,0.0,0.0,5.142857142857143,2.5714285714285716,13.606721028331915
16236,2010-10-16,0,5,10,16,6.0,0.0,13.0,8.857142857142858,14.502873278538063
16216,2010-10-16,0,5,10,16,0.0,0.0,0.0,0.0,0.0
17001,2010-10-16,0,5,10,16,0.0,0.0,15.428571428571429,7.714285714285714,19.242809417694478
10125,2010-10-16,0,5,10,16,0.0,0.0,3.857142857142857,3.357142857142857,7.883074092183654
16238,2010-10-17,5,6,10,17,0.0,0.0,1.5714285714285714,6.928571428571429,1.9023794624226833
10135,2010-10-17,4,6,10,17,0.0,1.0,5.0,3.5714285714285716,5.196152422704756
16049,2010-10-17,0,6,10,17,0.0,0.0,0.0,0.0,0.0
17001,2010-10-17,0,6,10,17,0.0,36.0,10.285714285714286,7.714285714285714,17.566201313073513
16016,2010-10-17,0,6,10,17,0.0,0.0,2.857142857142857,1.4285714285714286,7.559289460184536
10125,2010-10-17,1,6,10,17,0.0,0.0,4.0,3.4285714285714284,7.810249675906654
15030,2010-10-17,0,6,10,17,0.0,0.0,0.0,0.0,0.0
16033,2010-10-17,0,6,10,17,0.0,0.0,51.42857142857143,34.285714285714285,94.41549509633322
16011,2010-10-17,24,6,10,17,0.0,24.0,13.857142857142858,13.285714285714286,19.187049203638814
16259,2010-10-17,0,6,10,17,0.0,0.0,15.428571428571429,23.142857142857142,40.82016308499652
10002,2010-10-17,12,6,10,17,0.0,0.0,69.57142857142857,38.214285714285715,145.97472057729394
11001,2010-10-17,0,6,10,17,0.0,32.0,50.857142857142854,40.285714285714285,90.87799251639268
15036,2010-10-17,24,6,10,17,0.0,0.0,118.71428571428571,59.357142857142854,218.11672279287703
16008,2010-10-17,36,6,10,17,0.0,0.0,5.142857142857143,3.4285714285714284,13.60672102833218
10080,2010-10-17,0,6,10,17,0.0,0.0,0.0,0.0,0.0
16235,2010-10-17,15,6,10,17,0.0,0.0,6.428571428571429,7.571428571428571,11.801936887041668
16043,2010-10-17,0,6,10,17,0.0,0.0,0.0,0.0,0.0
16047,2010-10-17,0,6,10,17,0.0,6.0,11.571428571428571,8.857142857142858,26.856762915234146
10120,2010-10-17,0,6,10,17,0.0,0.0,4.285714285714286,4.285714285714286,11.338934190276822
10134,2010-10-17,4,6,10,17,0.0,0.0,2.2857142857142856,1.8571428571428572,3.728908942943213
17021,2010-10-17,0,6,10,17,0.0,0.0,6.0,5.571428571428571,15.874507866387841
16046,2010-10-17,0,6,10,17,0.0,0.0,1.4285714285714286,0.8571428571428571,3.779644730092272
16216,2010-10-17,20,6,10,17,0.0,0.0,2.857142857142857,1.4285714285714286,7.559289460184535
15039,2010-10-17,0,6,10,17,0.0,0.0,0.0,0.0,0.0
16010,2010-10-17,0,6,10,17,0.0,0.0,0.0,0.0,0.0
16218,2010-10-17,0,6,10,17,0.0,0.0,11.428571428571429,5.714285714285714,30.23715784073818
17003,2010-10-17,84,6,10,17,0.0,120.0,32.142857142857146,418.35714285714283,29.042661559791764
16015,2010-10-17,0,6,10,17,0.0,0.0,3.4285714285714284,3.142857142857143,7.457817885886401
10133,2010-10-17,4,6,10,17,0.0,0.0,2.4285714285714284,4.785714285714286,3.7352886036263384
16053,2010-10-17,0,6,10,17,0.0,0.0,0.0,0.0,0.0
16225,2010-10-17,0,6,10,17,0.0,24.0,0.0,1.7857142857142858,0.0
16237,2010-10-17,81,6,10,17,0.0,0.0,16.285714285714285,28.0,30.739303211113345
16219,2010-10-17,0,6,10,17,0.0,0.0,0.14285714285714285,2.642857142857143,0.377964473009311
16012,2010-10-17,24,6,10,17,0.0,24.0,3.4285714285714284,5.142857142857143,9.071147352221455
16212,2010-10-17,0,6,10,17,0.0,0.0,1.5714285714285714,1.9285714285714286,4.157609203101489
16014,2010-10-17,0,6,10,17,0.0,0.0,2.857142857142857,1.4285714285714286,7.559289460175594
15034,2010-10-17,0,6,10,17,0.0,72.0,1.8571428571428572,6.071428571428571,4.4880794492590255
16052,2010-10-17,0,6,10,17,0.0,0.0,0.0,0.0,0.0
16048,2010-10-17,0,6,10,17,0.0,0.0,0.0,0.0,0.0
16045,2010-10-17,0,6,10,17,0.0,0.0,0.0,0.0,0.0
17033,2010-10-17,0,6,10,17,0.0,0.0,5.142857142857143,2.5714285714285716,13.606721028331915
17038,2010-10-17,0,6,10,17,0.0,0.0,0.14285714285714285,7.214285714285714,0.37796447300922925
16236,2010-10-17,15,6,10,17,0.0,0.0,15.142857142857142,9.928571428571429,13.322019009001247
16254,2010-10-17,0,6,10,17,0.0,0.0,0.0,0.0,0.0
10134,2010-10-18,0,0,10,18,4.0,2.0,2.0,1.8571428571428572,3.829708431025349
16033,2010-10-18,0,0,10,18,0.0,240.0,17.142857142857142,34.285714285714285,45.35573676110729
10080,2010-10-18,0,0,10,18,0.0,0.0,0.0,0.0,0.0
15039,2010-10-18,0,0,10,18,0.0,0.0,0.0,0.0,0.0
11001,2010-10-18,0,0,10,18,0.0,16.0,48.57142857142857,38.0,92.09389618365438
16236,2010-10-18,2,0,10,18,15.0,28.0,11.428571428571429,10.0,12.752217360876802
16225,2010-10-18,1,0,10,18,0.0,0.0,0.14285714285714285,1.8571428571428572,0.377964473008126
16259,2010-10-18,0,0,10,18,0.0,0.0,15.428571428571429,23.142857142857142,40.82016308499652
10120,2010-10-18,0,0,10,18,0.0,0.0,4.285714285714286,4.285714285714286,11.338934190276822
16008,2010-10-18,0,0,10,18,36.0,0.0,5.142857142857143,3.4285714285714284,13.60672102833218
17033,2010-10-18,0,0,10,18,0.0,0.0,5.142857142857143,2.5714285714285716,13.606721028331915
16014,2010-10-18,0,0,10,18,0.0,0.0,2.857142857142857,1.4285714285714286,7.559289460175594
16015,2010-10-18,0,0,10,18,0.0,0.0,3.4285714285714284,1.7142857142857142,7.457817885886401
16011,2010-10-18,0,0,10,18,24.0,49.0,6.857142857142857,13.285714285714286,11.710800875382375
16045,2010-10-18,0,0,10,18,0.0,0.0,0.0,0.0,0.0
15036,2010-10-18,37,0,10,18,24.0,600.0,38.285714285714285,62.0,50.347837708334325
10002,2010-10-18,24,0,10,18,12.0,12.0,71.28571428571429,38.214285714285715,145.25462044941892
15030,2010-10-18,0,0,10,18,0.0,0.0,0.0,0.0,0.0
17021,2010-10-18,0,0,10,18,0.0,0.0,6.0,5.571428571428571,15.874507866387841
16049,2010-10-18,0,0,10,18,0.0,0.0,0.0,0.0,0.0
16046,2010-10-18,4,0,10,18,0.0,0.0,2.0,1.1428571428571428,3.8297084310253524
10125,2010-10-18,0,0,10,18,1.0,6.0,3.142857142857143,3.4285714285714284,7.883074092183655
16254,2010-10-18,0,0,10,18,0.0,0.0,0.0,0.0,0.0
16235,2010-10-18,0,0,10,18,15.0,0.0,6.428571428571429,7.571428571428571,11.801936887041668
17001,2010-10-18,0,0,10,18,0.0,0.0,10.285714285714286,7.714285714285714,17.566201313073513
16219,2010-10-18,0,0,10,18,0.0,1.0,0.0,2.642857142857143,0.0
16212,2010-10-18,0,0,10,18,0.0,0.0,1.5714285714285714,1.9285714285714286,4.157609203101489
16238,2010-10-18,0,0,10,18,5.0,2.0,1.2857142857142858,4.928571428571429,1.9760470401187071
16012,2010-10-18,0,0,10,18,24.0,0.0,3.4285714285714284,5.142857142857143,9.071147352221455
10133,2010-10-18,4,0,10,18,4.0,3.0,2.5714285714285716,5.071428571428571,3.779644730092252
16053,2010-10-18,0,0,10,18,0.0,0.0,0.0,0.0,0.0
15034,2010-10-18,0,0,10,18,0.0,1.0,1.7142857142857142,6.071428571428571,4.535573676111175
17038,2010-10-18,0,0,10,18,0.0,0.0,0.14285714285714285,7.214285714285714,0.37796447300922925
16052,2010-10-18,0,0,10,18,0.0,0.0,0.0,0.0,0.0
16237,2010-10-18,4,0,10,18,81.0,2.0,16.571428571428573,21.857142857142858,30.59333883302675
16010,2010-10-18,0,0,10,18,0.0,0.0,0.0,0.0,0.0
16043,2010-10-18,0,0,10,18,0.0,0.0,0.0,0.0,0.0
16216,2010-10-18,0,0,10,18,20.0,0.0,2.857142857142857,1.4285714285714286,7.559289460184535
16016,2010-10-18,0,0,10,18,0.0,0.0,2.857142857142857,1.4285714285714286,7.559289460184536
10135,2010-10-18,11,0,10,18,4.0,10.0,5.142857142857143,3.5714285714285716,5.367450401215117
16048,2010-10-18,3,0,10,18,0.0,0.0,0.42857142857142855,0.21428571428571427,1.1338934190319148
16218,2010-10-18,0,0,10,18,0.0,80.0,0.0,5.714285714285714,0.0
16047,2010-10-18,0,0,10,18,0.0,0.0,11.571428571428571,8.857142857142858,26.856762915234146
17003,2010-10-18,1,0,10,18,84.0,0.0,32.285714285714285,367.0,28.86008942995807
17001,2010-10-19,0,1,10,19,0.0,36.0,5.142857142857143,7.714285714285714,13.606721028332071
16236,2010-10-19,1,1,10,19,2.0,28.0,7.571428571428571,10.071428571428571,10.84523156133827
16048,2010-10-19,0,1,10,19,3.0,0.0,0.42857142857142855,0.21428571428571427,1.1338934190319148
16045,2010-10-19,0,1,10,19,0.0,0.0,0.0,0.0,0.0
16254,2010-10-19,0,1,10,19,0.0,0.0,0.0,0.0,0.0
16014,2010-10-19,0,1,10,19,0.0,20.0,0.0,1.4285714285714286,0.0
10134,2010-10-19,0,1,10,19,0.0,0.0,2.0,1.1428571428571428,3.829708431025349
16008,2010-10-19,0,1,10,19,0.0,0.0,5.142857142857143,3.4285714285714284,13.60672102833218
17021,2010-10-19,0,1,10,19,0.0,0.0,6.0,3.0,15.874507866387841
10135,2010-10-19,0,1,10,19,11.0,11.0,3.5714285714285716,3.5714285714285716,4.961758520829891
10080,2010-10-19,0,1,10,19,0.0,0.0,0.0,0.0,0.0
16053,2010-10-19,0,1,10,19,0.0,0.0,0.0,0.0,0.0
17038,2010-10-19,0,1,10,19,0.0,1.0,0.0,0.07142857142857142,0.0
16237,2010-10-19,0,1,10,19,4.0,31.0,12.142857142857142,15.214285714285714,30.39971804380526
15036,2010-10-19,37,1,10,19,37.0,48.0,36.714285714285715,64.64285714285714,50.16544057985975
11001,2010-10-19,16,1,10,19,0.0,240.0,16.571428571428573,35.714285714285715,36.82325869545473
16046,2010-10-19,0,1,10,19,4.0,10.0,0.5714285714285714,1.1428571428571428,1.5118578920369088
16218,2010-10-19,0,1,10,19,0.0,0.0,0.0,5.714285714285714,0.0
16016,2010-10-19,0,1,10,19,0.0,20.0,0.0,1.4285714285714286,0.0
16010,2010-10-19,0,1,10,19,0.0,0.0,0.0,0.0,0.0
17003,2010-10-19,5,1,10,19,1.0,23.0,29.714285714285715,367.35714285714283,30.576212353808295
10125,2010-10-19,0,1,10,19,0.0,21.0,0.14285714285714285,3.4285714285714284,0.377964473009286
15034,2010-10-19,0,1,10,19,0.0,0.0,1.7142857142857142,6.071428571428571,4.535573676111175
10133,2010-10-19,0,1,10,19,4.0,0.0,2.5714285714285716,5.071428571428571,3.779644730092252
16235,2010-10-19,0,1,10,19,0.0,30.0,2.142857142857143,7.571428571428571,5.669467095138466
16012,2010-10-19,72,1,10,19,0.0,0.0,13.714285714285714,8.571428571428571,27.21344205666436
16052,2010-10-19,0,1,10,19,0.0,0.0,0.0,0.0,0.0
16238,2010-10-19,1,1,10,19,0.0,0.0,1.4285714285714286,4.857142857142857,1.9023794624226833
16212,2010-10-19,0,1,10,19,0.0,11.0,0.0,0.7857142857142857,0.0
16043,2010-10-19,0,1,10,19,0.0,0.0,0.0,0.0,0.0
16219,2010-10-19,0,1,10,19,0.0,0.0,0.0,0.07142857142857142,0.0
16216,2010-10-19,0,1,10,19,0.0,0.0,2.857142857142857,1.4285714285714286,7.559289460184535
16047,2010-10-19,0,1,10,19,0.0,9.0,10.285714285714286,8.857142857142858,27.213442056652994
16033,2010-10-19,0,1,10,19,0.0,120.0,0.0,25.714285714285715,0.0
16225,2010-10-19,0,1,10,19,1.0,0.0,0.14285714285714285,1.8571428571428572,0.377964473008126
15030,2010-10-19,0,1,10,19,0.0,0.0,0.0,0.0,0.0
10120,2010-10-19,0,1,10,19,0.0,0.0,4.285714285714286,4.285714285714286,11.338934190276822
16049,2010-10-19,0,1,10,19,0.0,0.0,0.0,0.0,0.0
16015,2010-10-19,0,1,10,19,0.0,20.0,0.5714285714285714,1.7142857142857142,1.5118578920367547
16011,2010-10-19,72,1,10,19,0.0,0.0,17.142857142857142,16.714285714285715,26.70473473268096
17033,2010-10-19,12,1,10,19,0.0,36.0,1.7142857142857142,3.4285714285714284,4.5355736761099275
15039,2010-10-19,26,1,10,19,0.0,0.0,3.7142857142857144,1.8571428571428572,9.827076298239987
16259,2010-10-19,0,1,10,19,0.0,108.0,0.0,15.428571428571429,0.0
10002,2010-10-19,20,1,10,19,24.0,400.0,17.0,37.92857142857143,9.504384952921912
16218,2010-10-20,0,2,10,20,0.0,0.0,0.0,5.714285714285714,0.0
16012,2010-10-20,0,2,10,20,72.0,0.0,13.714285714285714,8.571428571428571,27.21344205666436
15036,2010-10-20,26,2,10,20,37.0,145.0,19.714285714285715,66.5,15.628118736370896
16238,2010-10-20,5,2,10,20,1.0,1.0,2.0,5.214285714285714,2.3094010767585025
16014,2010-10-20,0,2,10,20,0.0,0.0,0.0,1.4285714285714286,0.0
17038,2010-10-20,100,2,10,20,0.0,0.0,14.285714285714286,7.214285714285714,37.79644730092272
15030,2010-10-20,0,2,10,20,0.0,0.0,0.0,0.0,0.0
16049,2010-10-20,0,2,10,20,0.0,0.0,0.0,0.0,0.0
17021,2010-10-20,0,2,10,20,0.0,42.0,0.0,3.0,0.0
15039,2010-10-20,0,2,10,20,26.0,0.0,3.7142857142857144,1.8571428571428572,9.827076298239987
16237,2010-10-20,96,2,10,20,0.0,0.0,25.857142857142858,17.785714285714285,43.036529334309215
16212,2010-10-20,0,2,10,20,0.0,0.0,0.0,0.7857142857142857,0.0
16043,2010-10-20,0,2,10,20,0.0,0.0,0.0,0.0,0.0
16046,2010-10-20,2,2,10,20,0.0,0.0,0.8571428571428571,1.2857142857142858,1.573591584938886
16259,2010-10-20,0,2,10,20,0.0,0.0,0.0,15.428571428571429,0.0
16048,2010-10-20,0,2,10,20,0.0,0.0,0.42857142857142855,0.21428571428571427,1.1338934190319148
10120,2010-10-20,0,2,10,20,0.0,30.0,0.0,4.285714285714286,0.0
16033,2010-10-20,0,2,10,20,0.0,0.0,0.0,25.714285714285715,0.0
16216,2010-10-20,0,2,10,20,0.0,0.0,2.857142857142857,1.4285714285714286,7.559289460184535
15034,2010-10-20,0,2,10,20,0.0,0.0,1.7142857142857142,6.071428571428571,4.535573676111175
16047,2010-10-20,0,2,10,20,0.0,72.0,0.0,8.857142857142858,0.0
16011,2010-10-20,2,2,10,20,72.0,0.0,17.428571428571427,16.857142857142858,26.50067384588011
16016,2010-10-20,0,2,10,20,0.0,0.0,0.0,1.4285714285714286,0.0
10133,2010-10-20,0,2,10,20,0.0,0.0,2.5714285714285716,1.5,3.779644730092252
16219,2010-10-20,0,2,10,20,0.0,0.0,0.0,0.07142857142857142,0.0
16235,2010-10-20,0,2,10,20,0.0,0.0,2.142857142857143,7.571428571428571,5.669467095138466
16052,2010-10-20,0,2,10,20,0.0,0.0,0.0,0.0,0.0
10125,2010-10-20,0,2,10,20,0.0,0.0,0.14285714285714285,3.4285714285714284,0.377964473009286
17001,2010-10-20,0,2,10,20,0.0,0.0,5.142857142857143,7.714285714285714,13.606721028332071
17003,2010-10-20,72,2,10,20,5.0,36.0,34.857142857142854,372.5,34.575658930475996
16225,2010-10-20,0,2,10,20,0.0,0.0,0.14285714285714285,1.8571428571428572,0.377964473008126
16010,2010-10-20,0,2,10,20,0.0,0.0,0.0,0.0,0.0
10002,2010-10-20,2,2,10,20,20.0,26.0,13.571428571428571,38.07142857142857,10.030904626156257
11001,2010-10-20,0,2,10,20,16.0,99.0,2.4285714285714284,34.57142857142857,5.996030432910091
16015,2010-10-20,0,2,10,20,0.0,0.0,0.5714285714285714,1.7142857142857142,1.5118578920367547
16236,2010-10-20,12,2,10,20,1.0,29.0,5.142857142857143,10.928571428571429,6.12178000880386
16254,2010-10-20,0,2,10,20,0.0,0.0,0.0,0.0,0.0
10134,2010-10-20,0,2,10,20,0.0,0.0,2.0,1.1428571428571428,3.829708431025349
10135,2010-10-20,0,2,10,20,0.0,0.0,3.5714285714285716,3.5714285714285716,4.961758520829891
16008,2010-10-20,0,2,10,20,0.0,0.0,5.142857142857143,3.4285714285714284,13.60672102833218
16053,2010-10-20,0,2,10,20,0.0,0.0,0.0,0.0,0.0
10080,2010-10-20,0,2,10,20,0.0,0.0,0.0,0.0,0.0
16045,2010-10-20,0,2,10,20,0.0,0.0,0.0,0.0,0.0
16218,2010-10-21,0,3,10,21,0.0,0.0,0.0,5.714285714285714,0.0
16012,2010-10-21,24,3,10,21,0.0,0.0,17.142857142857142,10.285714285714286,26.704734732680965
16053,2010-10-21,0,3,10,21,0.0,0.0,0.0,0.0,0.0
10133,2010-10-21,0,3,10,21,0.0,0.0,2.5714285714285716,1.5,3.779644730092252
16052,2010-10-21,0,3,10,21,0.0,0.0,0.0,0.0,0.0
10080,2010-10-21,0,3,10,21,0.0,0.0,0.0,0.0,0.0
16225,2010-10-21,0,3,10,21,0.0,0.0,0.14285714285714285,1.8571428571428572,0.377964473008126
16047,2010-10-21,0,3,10,21,0.0,0.0,0.0,6.214285714285714,0.0
16049,2010-10-21,0,3,10,21,0.0,0.0,0.0,0.0,0.0
17021,2010-10-21,0,3,10,21,0.0,0.0,0.0,3.0,0.0
16236,2010-10-21,28,3,10,21,12.0,0.0,9.142857142857142,12.642857142857142,10.07353912367399
16259,2010-10-21,0,3,10,21,0.0,0.0,0.0,7.714285714285714,0.0
17001,2010-10-21,0,3,10,21,0.0,36.0,0.0,7.714285714285714,0.0
16045,2010-10-21,0,3,10,21,0.0,0.0,0.0,0.0,0.0
16011,2010-10-21,0,3,10,21,2.0,0.0,17.428571428571427,13.928571428571429,26.50067384588011
10002,2010-10-21,1,3,10,21,2.0,25.0,10.142857142857142,38.142857142857146,9.564318610135599
16048,2010-10-21,0,3,10,21,0.0,0.0,0.42857142857142855,0.21428571428571427,1.1338934190319148
16033,2010-10-21,0,3,10,21,0.0,0.0,0.0,25.714285714285715,0.0
16235,2010-10-21,0,3,10,21,0.0,0.0,2.142857142857143,7.5,5.669467095138466
16014,2010-10-21,40,3,10,21,0.0,0.0,5.714285714285714,4.285714285714286,15.11857892036463
16254,2010-10-21,1,3,10,21,0.0,0.0,0.14285714285714285,0.07142857142857142,0.3779644730092273
10125,2010-10-21,40,3,10,21,0.0,0.0,5.857142857142857,6.285714285714286,15.06019667233877
16010,2010-10-21,0,3,10,21,0.0,0.0,0.0,0.0,0.0
16043,2010-10-21,0,3,10,21,0.0,0.0,0.0,0.0,0.0
17038,2010-10-21,0,3,10,21,100.0,0.0,14.285714285714286,7.214285714285714,37.79644730092272
11001,2010-10-21,33,3,10,21,0.0,0.0,7.142857142857143,31.214285714285715,12.837816162008487
16216,2010-10-21,0,3,10,21,0.0,0.0,2.857142857142857,1.4285714285714286,7.559289460184535
16237,2010-10-21,0,3,10,21,96.0,0.0,25.857142857142858,17.428571428571427,43.036529334309215
16219,2010-10-21,0,3,10,21,0.0,0.0,0.0,0.07142857142857142,0.0
10134,2010-10-21,0,3,10,21,0.0,10.0,0.5714285714285714,1.1428571428571428,1.511857892036906
10135,2010-10-21,2,3,10,21,0.0,0.0,3.857142857142857,3.5,4.775931721612468
16008,2010-10-21,0,3,10,21,0.0,0.0,5.142857142857143,2.5714285714285716,13.60672102833218
16016,2010-10-21,20,3,10,21,0.0,0.0,2.857142857142857,2.857142857142857,7.559289460184536
17003,2010-10-21,36,3,10,21,72.0,36.0,34.857142857142854,372.2142857142857,34.575658930475996
16238,2010-10-21,56,3,10,21,5.0,0.0,10.0,9.214285714285714,20.396078054371138
15039,2010-10-21,252,3,10,21,0.0,0.0,39.714285714285715,19.857142857142858,94.10935887876099
10120,2010-10-21,0,3,10,21,0.0,0.0,0.0,4.285714285714286,0.0
16046,2010-10-21,0,3,10,21,2.0,0.0,0.8571428571428571,1.1428571428571428,1.573591584938886
16015,2010-10-21,20,3,10,21,0.0,0.0,3.4285714285714284,3.142857142857143,7.457817885886401
15030,2010-10-21,0,3,10,21,0.0,0.0,0.0,0.0,0.0
16212,2010-10-21,0,3,10,21,0.0,0.0,0.0,0.7857142857142857,0.0
15034,2010-10-21,0,3,10,21,0.0,12.0,0.0,6.071428571428571,0.0
15036,2010-10-21,60,3,10,21,26.0,0.0,28.285714285714285,70.78571428571429,19.085022798993617
17001,2010-10-22,0,4,10,22,0.0,0.0,0.0,7.714285714285714,0.0
16048,2010-10-22,0,4,10,22,0.0,0.0,0.42857142857142855,0.21428571428571427,1.1338934190319148
16254,2010-10-22,0,4,10,22,1.0,0.0,0.14285714285714285,0.07142857142857142,0.3779644730092273
16225,2010-10-22,1,4,10,22,0.0,0.0,0.2857142857142857,1.8571428571428572,0.4879500364734149
16052,2010-10-22,0,4,10,22,0.0,0.0,0.0,0.0,0.0
16235,2010-10-22,2,4,10,22,0.0,0.0,2.4285714285714284,3.357142857142857,5.593363414414884
10134,2010-10-22,2,4,10,22,0.0,0.0,0.8571428571428571,1.2857142857142858,1.5735915849388822
16043,2010-10-22,0,4,10,22,0.0,0.0,0.0,0.0,0.0
16053,2010-10-22,0,4,10,22,0.0,0.0,0.0,0.0,0.0
16236,2010-10-22,4,4,10,22,28.0,6.0,8.857142857142858,10.928571428571429,10.20504077124914
16216,2010-10-22,5,4,10,22,0.0,0.0,3.5714285714285716,1.7857142857142858,7.480132415430946
10125,2010-10-22,0,4,10,22,40.0,0.0,5.857142857142857,4.857142857142857,15.06019667233877
16011,2010-10-22,0,4,10,22,0.0,24.0,14.0,13.928571428571429,27.05549851693736
15034,2010-10-22,2,4,10,22,0.0,0.0,0.2857142857142857,6.214285714285714,0.755928946021191
16219,2010-10-22,0,4,10,22,0.0,0.0,0.0,0.07142857142857142,0.0
17003,2010-10-22,36,4,10,22,36.0,46.0,33.42857142857143,35.357142857142854,34.2435256306862
10120,2010-10-22,0,4,10,22,0.0,0.0,0.0,2.142857142857143,0.0
16046,2010-10-22,1,4,10,22,0.0,0.0,1.0,1.2142857142857142,1.5275252316519465
16238,2010-10-22,1,4,10,22,56.0,3.0,9.714285714285714,5.285714285714286,20.52408573452409
10002,2010-10-22,0,4,10,22,1.0,12.0,8.428571428571429,38.142857142857146,10.228345302102555
16012,2010-10-22,0,4,10,22,24.0,0.0,17.142857142857142,10.285714285714286,26.704734732680965
16212,2010-10-22,0,4,10,22,0.0,0.0,0.0,0.7857142857142857,0.0
15030,2010-10-22,0,4,10,22,0.0,0.0,0.0,0.0,0.0
16049,2010-10-22,0,4,10,22,0.0,0.0,0.0,0.0,0.0
15039,2010-10-22,0,4,10,22,252.0,0.0,39.714285714285715,19.857142857142858,94.10935887876099
16015,2010-10-22,0,4,10,22,20.0,4.0,2.857142857142857,3.142857142857143,7.5592894601845115
15036,2010-10-22,12,4,10,22,60.0,14.0,28.0,71.64285714285714,19.34769581457555
16218,2010-10-22,0,4,10,22,0.0,0.0,0.0,5.714285714285714,0.0
10135,2010-10-22,0,4,10,22,2.0,10.0,2.4285714285714284,3.5,4.076646614440349
16008,2010-10-22,0,4,10,22,0.0,0.0,5.142857142857143,2.5714285714285716,13.60672102833218
16047,2010-10-22,0,4,10,22,0.0,0.0,0.0,6.214285714285714,0.0
16010,2010-10-22,0,4,10,22,0.0,0.0,0.0,0.0,0.0
10133,2010-10-22,0,4,10,22,0.0,10.0,1.1428571428571428,1.5,1.951800145897028
17038,2010-10-22,0,4,10,22,0.0,0.0,14.285714285714286,7.214285714285714,37.79644730092272
10080,2010-10-22,0,4,10,22,0.0,0.0,0.0,0.0,0.0
16016,2010-10-22,0,4,10,22,20.0,0.0,2.857142857142857,2.857142857142857,7.559289460184536
11001,2010-10-22,0,4,10,22,33.0,1.0,7.0,31.214285714285715,12.922847983320183
16237,2010-10-22,64,4,10,22,0.0,0.0,35.0,19.857142857142858,43.42426357080412
16045,2010-10-22,0,4,10,22,0.0,0.0,0.0,0.0,0.0
16259,2010-10-22,0,4,10,22,0.0,0.0,0.0,7.714285714285714,0.0
16033,2010-10-22,120,4,10,22,0.0,0.0,17.142857142857142,34.285714285714285,45.35573676110729
16014,2010-10-22,0,4,10,22,40.0,0.0,5.714285714285714,4.285714285714286,15.11857892036463
17021,2010-10-22,0,4,10,22,0.0,0.0,0.0,3.0,0.0
10002,2010-10-23,0,5,10,23,0.0,0.0,8.428571428571429,38.142857142857146,10.228345302102555
16237,2010-10-23,0,5,10,23,64.0,0.0,35.0,19.857142857142858,43.42426357080412
16212,2010-10-23,0,5,10,23,0.0,0.0,0.0,0.7857142857142857,0.0
15039,2010-10-23,0,5,10,23,0.0,0.0,39.714285714285715,19.857142857142858,94.10935887876099
16048,2010-10-23,0,5,10,23,0.0,0.0,0.42857142857142855,0.21428571428571427,1.1338934190319148
16014,2010-10-23,0,5,10,23,0.0,0.0,5.714285714285714,4.285714285714286,15.11857892036463
16216,2010-10-23,0,5,10,23,5.0,0.0,3.5714285714285716,1.7857142857142858,7.480132415430946
16236,2010-10-23,0,5,10,23,4.0,0.0,8.857142857142858,10.928571428571429,10.20504077124914
10134,2010-10-23,0,5,10,23,2.0,0.0,0.8571428571428571,1.2857142857142858,1.5735915849388822
17021,2010-10-23,0,5,10,23,0.0,0.0,0.0,3.0,0.0
16218,2010-10-23,0,5,10,23,0.0,0.0,0.0,5.714285714285714,0.0
16254,2010-10-23,0,5,10,23,0.0,0.0,0.14285714285714285,0.07142857142857142,0.3779644730092273
17001,2010-10-23,0,5,10,23,0.0,0.0,0.0,7.714285714285714,0.0
16010,2010-10-23,0,5,10,23,0.0,0.0,0.0,0.0,0.0
16045,2010-10-23,0,5,10,23,0.0,0.0,0.0,0.0,0.0
17038,2010-10-23,0,5,10,23,0.0,0.0,14.285714285714286,7.214285714285714,37.79644730092272
16015,2010-10-23,0,5,10,23,0.0,0.0,2.857142857142857,3.142857142857143,7.5592894601845115
16046,2010-10-23,0,5,10,23,1.0,0.0,1.0,1.2142857142857142,1.5275252316519465
16011,2010-10-23,0,5,10,23,0.0,0.0,14.0,13.928571428571429,27.05549851693736
16225,2010-10-23,0,5,10,23,1.0,0.0,0.2857142857142857,1.8571428571428572,0.4879500364734149
16238,2010-10-23,0,5,10,23,1.0,0.0,9.714285714285714,5.285714285714286,20.52408573452409
15030,2010-10-23,0,5,10,23,0.0,0.0,0.0,0.0,0.0
16049,2010-10-23,0,5,10,23,0.0,0.0,0.0,0.0,0.0
15036,2010-10-23,0,5,10,23,12.0,0.0,28.0,71.64285714285714,19.34769581457555
10135,2010-10-23,0,5,10,23,0.0,0.0,2.4285714285714284,3.5,4.076646614440349
16008,2010-10-23,0,5,10,23,0.0,0.0,5.142857142857143,2.5714285714285716,13.60672102833218
10080,2010-10-23,0,5,10,23,0.0,0.0,0.0,0.0,0.0
10133,2010-10-23,0,5,10,23,0.0,0.0,1.1428571428571428,1.5,1.951800145897028
11001,2010-10-23,0,5,10,23,0.0,0.0,7.0,31.214285714285715,12.922847983320183
16259,2010-10-23,0,5,10,23,0.0,0.0,0.0,7.714285714285714,0.0
16016,2010-10-23,0,5,10,23,0.0,0.0,2.857142857142857,2.857142857142857,7.559289460184536
16047,2010-10-23,0,5,10,23,0.0,0.0,0.0,6.214285714285714,0.0
16052,2010-10-23,0,5,10,23,0.0,0.0,0.0,0.0,0.0
16235,2010-10-23,0,5,10,23,2.0,0.0,2.4285714285714284,3.357142857142857,5.593363414414884
10120,2010-10-23,0,5,10,23,0.0,0.0,0.0,2.142857142857143,0.0
16033,2010-10-23,0,5,10,23,120.0,0.0,17.142857142857142,34.285714285714285,45.35573676110729
16012,2010-10-23,0,5,10,23,0.0,0.0,17.142857142857142,10.285714285714286,26.704734732680965
17003,2010-10-23,0,5,10,23,36.0,0.0,33.42857142857143,35.357142857142854,34.2435256306862
16219,2010-10-23,0,5,10,23,0.0,0.0,0.0,0.07142857142857142,0.0
15034,2010-10-23,0,5,10,23,2.0,0.0,0.2857142857142857,6.214285714285714,0.755928946021191
16043,2010-10-23,0,5,10,23,0.0,0.0,0.0,0.0,0.0
16053,2010-10-23,0,5,10,23,0.0,0.0,0.0,0.0,0.0
10125,2010-10-23,0,5,10,23,0.0,0.0,5.857142857142857,4.857142857142857,15.06019667233877
16212,2010-10-24,0,6,10,24,0.0,0.0,0.0,0.7857142857142857,0.0
10002,2010-10-24,0,6,10,24,0.0,12.0,6.714285714285714,38.142857142857146,10.53113298295857
10134,2010-10-24,0,6,10,24,0.0,4.0,0.2857142857142857,1.2857142857142858,0.7559289460184511
16008,2010-10-24,0,6,10,24,0.0,36.0,0.0,2.5714285714285716,0.0
16010,2010-10-24,0,6,10,24,0.0,0.0,0.0,0.0,0.0
16218,2010-10-24,0,6,10,24,0.0,0.0,0.0,5.714285714285714,0.0
17003,2010-10-24,8,6,10,24,0.0,84.0,22.571428571428573,27.357142857142858,26.76974126919176
10135,2010-10-24,0,6,10,24,0.0,4.0,1.8571428571428572,3.4285714285714284,4.099941927577037
17038,2010-10-24,0,6,10,24,0.0,0.0,14.285714285714286,7.214285714285714,37.79644730092272
16015,2010-10-24,0,6,10,24,0.0,0.0,2.857142857142857,3.142857142857143,7.5592894601845115
16011,2010-10-24,24,6,10,24,0.0,24.0,14.0,13.928571428571429,27.05549851693736
15036,2010-10-24,0,6,10,24,0.0,24.0,24.571428571428573,71.64285714285714,22.104729078164677
10125,2010-10-24,2,6,10,24,0.0,1.0,6.0,5.0,15.011106998930268
16049,2010-10-24,0,6,10,24,0.0,0.0,0.0,0.0,0.0
16238,2010-10-24,0,6,10,24,0.0,5.0,9.0,5.285714285714286,20.800641015763592
15030,2010-10-24,0,6,10,24,0.0,0.0,0.0,0.0,0.0
16052,2010-10-24,0,6,10,24,0.0,0.0,0.0,0.0,0.0
15039,2010-10-24,0,6,10,24,0.0,0.0,39.714285714285715,19.857142857142858,94.10935887876099
15034,2010-10-24,0,6,10,24,0.0,0.0,0.2857142857142857,1.0714285714285714,0.755928946021191
16045,2010-10-24,0,6,10,24,0.0,0.0,0.0,0.0,0.0
10120,2010-10-24,0,6,10,24,0.0,0.0,0.0,2.142857142857143,0.0
16053,2010-10-24,0,6,10,24,0.0,0.0,0.0,0.0,0.0
16216,2010-10-24,0,6,10,24,0.0,20.0,0.7142857142857143,1.7857142857142858,1.8898223650460928
16254,2010-10-24,0,6,10,24,0.0,0.0,0.14285714285714285,0.07142857142857142,0.3779644730092273
16236,2010-10-24,0,6,10,24,0.0,15.0,6.714285714285714,10.928571428571429,10.274795792200868
16235,2010-10-24,0,6,10,24,0.0,15.0,0.2857142857142857,3.357142857142857,0.7559289460189489
16012,2010-10-24,0,6,10,24,0.0,24.0,13.714285714285714,8.571428571428571,27.21344205666436
16048,2010-10-24,0,6,10,24,0.0,0.0,0.42857142857142855,0.21428571428571427,1.1338934190319148
17001,2010-10-24,36,6,10,24,0.0,0.0,5.142857142857143,7.714285714285714,13.606721028332071
16047,2010-10-24,1,6,10,24,0.0,0.0,0.14285714285714285,5.857142857142857,0.37796447218772167
16219,2010-10-24,0,6,10,24,0.0,0.0,0.0,0.07142857142857142,0.0
16016,2010-10-24,0,6,10,24,0.0,0.0,2.857142857142857,2.857142857142857,7.559289460184536
16043,2010-10-24,0,6,10,24,0.0,0.0,0.0,0.0,0.0
16014,2010-10-24,0,6,10,24,0.0,0.0,5.714285714285714,4.285714285714286,15.11857892036463
16225,2010-10-24,1,6,10,24,0.0,0.0,0.42857142857142855,0.21428571428571427,0.5345224838240725
10080,2010-10-24,0,6,10,24,0.0,0.0,0.0,0.0,0.0
16259,2010-10-24,0,6,10,24,0.0,0.0,0.0,7.714285714285714,0.0
16046,2010-10-24,3,6,10,24,0.0,0.0,1.4285714285714286,1.4285714285714286,1.6183471874253739
17021,2010-10-24,6,6,10,24,0.0,0.0,0.8571428571428571,3.4285714285714284,2.2677868380574937
16033,2010-10-24,0,6,10,24,0.0,0.0,17.142857142857142,34.285714285714285,45.35573676110729
11001,2010-10-24,0,6,10,24,0.0,0.0,7.0,28.928571428571427,12.922847983320183
16237,2010-10-24,30,6,10,24,0.0,81.0,27.714285714285715,22.0,38.408828350238636
10133,2010-10-24,0,6,10,24,0.0,4.0,0.5714285714285714,1.5,1.5118578920368595
16010,2010-10-25,0,0,10,25,0.0,0.0,0.0,0.0,0.0
10125,2010-10-25,0,0,10,25,2.0,0.0,6.0,4.571428571428571,15.011106998930268
16216,2010-10-25,0,0,10,25,0.0,0.0,0.7142857142857143,1.7857142857142858,1.8898223650460928
17001,2010-10-25,0,0,10,25,36.0,0.0,5.142857142857143,7.714285714285714,13.606721028332071
16259,2010-10-25,0,0,10,25,0.0,0.0,0.0,7.714285714285714,0.0
16052,2010-10-25,0,0,10,25,0.0,0.0,0.0,0.0,0.0
16011,2010-10-25,0,0,10,25,24.0,0.0,14.0,10.428571428571429,27.05549851693736
16212,2010-10-25,0,0,10,25,0.0,0.0,0.0,0.7857142857142857,0.0
10135,2010-10-25,0,0,10,25,0.0,11.0,0.2857142857142857,2.7142857142857144,0.7559289460053551
16235,2010-10-25,0,0,10,25,0.0,0.0,0.2857142857142857,3.357142857142857,0.7559289460189489
15030,2010-10-25,0,0,10,25,0.0,0.0,0.0,0.0,0.0
17038,2010-10-25,0,0,10,25,0.0,0.0,14.285714285714286,7.214285714285714,37.79644730092272
16016,2010-10-25,0,0,10,25,0.0,0.0,2.857142857142857,2.857142857142857,7.559289460184536
16043,2010-10-25,1,0,10,25,0.0,0.0,0.14285714285714285,0.07142857142857142,0.37796447300922725
16008,2010-10-25,0,0,10,25,0.0,0.0,0.0,2.5714285714285716,0.0
10133,2010-10-25,0,0,10,25,0.0,4.0,0.0,1.2857142857142858,0.0
10134,2010-10-25,0,0,10,25,0.0,0.0,0.2857142857142857,1.1428571428571428,0.7559289460184511
16046,2010-10-25,0,0,10,25,3.0,4.0,0.8571428571428571,1.4285714285714286,1.2149857925879115
16048,2010-10-25,0,0,10,25,0.0,3.0,0.0,0.21428571428571427,0.0
16219,2010-10-25,0,0,10,25,0.0,0.0,0.0,0.0,0.0
15039,2010-10-25,0,0,10,25,0.0,0.0,39.714285714285715,19.857142857142858,94.10935887876099
16033,2010-10-25,0,0,10,25,0.0,0.0,17.142857142857142,17.142857142857142,45.35573676110729
15034,2010-10-25,0,0,10,25,0.0,0.0,0.2857142857142857,1.0,0.755928946021191
16218,2010-10-25,0,0,10,25,0.0,0.0,0.0,0.0,0.0
17003,2010-10-25,0,0,10,25,8.0,1.0,22.428571428571427,27.357142857142858,26.906363205621115
16049,2010-10-25,0,0,10,25,0.0,0.0,0.0,0.0,0.0
10080,2010-10-25,0,0,10,25,0.0,0.0,0.0,0.0,0.0
16237,2010-10-25,7,0,10,25,30.0,4.0,28.142857142857142,22.357142857142858,38.11573853160298
16236,2010-10-25,3,0,10,25,0.0,2.0,6.857142857142857,9.142857142857142,10.20504077124914
16045,2010-10-25,0,0,10,25,0.0,0.0,0.0,0.0,0.0
16254,2010-10-25,0,0,10,25,0.0,0.0,0.14285714285714285,0.07142857142857142,0.3779644730092273
16053,2010-10-25,0,0,10,25,0.0,0.0,0.0,0.0,0.0
16015,2010-10-25,0,0,10,25,0.0,0.0,2.857142857142857,3.142857142857143,7.5592894601845115
16014,2010-10-25,0,0,10,25,0.0,0.0,5.714285714285714,4.285714285714286,15.11857892036463
16012,2010-10-25,0,0,10,25,0.0,0.0,13.714285714285714,8.571428571428571,27.21344205666436
15036,2010-10-25,0,0,10,25,0.0,37.0,19.285714285714285,28.785714285714285,23.041370660287853
11001,2010-10-25,16,0,10,25,0.0,0.0,9.285714285714286,28.928571428571427,12.893335303097393
10002,2010-10-25,0,0,10,25,0.0,24.0,3.2857142857142856,37.285714285714285,7.409774753982616
10120,2010-10-25,0,0,10,25,0.0,0.0,0.0,2.142857142857143,0.0
16225,2010-10-25,0,0,10,25,1.0,1.0,0.2857142857142857,0.21428571428571427,0.4879500364734149
16238,2010-10-25,0,0,10,25,0.0,0.0,9.0,5.142857142857143,20.800641015763592
17021,2010-10-25,0,0,10,25,6.0,0.0,0.8571428571428571,3.4285714285714284,2.2677868380574937
16212,2010-10-26,0,1,10,26,0.0,0.0,0.0,0.0,0.0
16046,2010-10-26,12,1,10,26,0.0,0.0,2.5714285714285716,1.5714285714285714,4.314979445958882
10125,2010-10-26,2,1,10,26,0.0,0.0,6.285714285714286,3.2142857142857144,14.896468101693163
16015,2010-10-26,1,1,10,26,0.0,0.0,3.0,1.7857142857142858,7.505553499465101
17001,2010-10-26,0,1,10,26,0.0,0.0,5.142857142857143,5.142857142857143,13.606721028332071
16218,2010-10-26,0,1,10,26,0.0,0.0,0.0,0.0,0.0
16016,2010-10-26,1,1,10,26,0.0,0.0,3.0,1.5,7.505553499465128
16048,2010-10-26,0,1,10,26,0.0,0.0,0.0,0.21428571428571427,0.0
10134,2010-10-26,0,1,10,26,0.0,0.0,0.2857142857142857,1.1428571428571428,0.7559289460184511
16235,2010-10-26,0,1,10,26,0.0,0.0,0.2857142857142857,1.2142857142857142,0.7559289460189489
10135,2010-10-26,0,1,10,26,0.0,0.0,0.2857142857142857,1.9285714285714286,0.7559289460053551
11001,2010-10-26,32,1,10,26,16.0,16.0,11.571428571428571,14.071428571428571,15.447299039607204
16238,2010-10-26,2,1,10,26,0.0,1.0,9.142857142857142,5.285714285714286,20.73988565886652
16225,2010-10-26,0,1,10,26,0.0,0.0,0.2857142857142857,0.21428571428571427,0.4879500364734149
17021,2010-10-26,0,1,10,26,0.0,0.0,0.8571428571428571,3.4285714285714284,2.2677868380574937
15036,2010-10-26,664,1,10,26,0.0,37.0,108.85714285714286,72.78571428571429,245.75287626084096
16010,2010-10-26,0,1,10,26,0.0,0.0,0.0,0.0,0.0
17038,2010-10-26,0,1,10,26,0.0,0.0,14.285714285714286,7.142857142857143,37.79644730092272
16012,2010-10-26,24,1,10,26,0.0,72.0,6.857142857142857,10.285714285714286,11.710800875382397
15039,2010-10-26,0,1,10,26,0.0,26.0,36.0,19.857142857142858,95.24704719832528
16014,2010-10-26,100,1,10,26,0.0,0.0,20.0,10.0,38.2970843102518
16237,2010-10-26,36,1,10,26,7.0,0.0,33.285714285714285,22.714285714285715,36.05881439035531
16008,2010-10-26,0,1,10,26,0.0,0.0,0.0,2.5714285714285716,0.0
16236,2010-10-26,0,1,10,26,3.0,1.0,6.714285714285714,7.142857142857143,10.307186582093841
16045,2010-10-26,0,1,10,26,0.0,0.0,0.0,0.0,0.0
16053,2010-10-26,0,1,10,26,0.0,0.0,0.0,0.0,0.0
10120,2010-10-26,5,1,10,26,0.0,0.0,0.7142857142857143,2.5,1.8898223650461656
16049,2010-10-26,0,1,10,26,0.0,0.0,0.0,0.0,0.0
16259,2010-10-26,0,1,10,26,0.0,0.0,0.0,0.0,0.0
16052,2010-10-26,0,1,10,26,0.0,0.0,0.0,0.0,0.0
15030,2010-10-26,0,1,10,26,0.0,0.0,0.0,0.0,0.0
10133,2010-10-26,21,1,10,26,0.0,0.0,3.0,2.7857142857142856,7.937253933193762
16033,2010-10-26,0,1,10,26,0.0,0.0,17.142857142857142,8.571428571428571,45.35573676110729
16219,2010-10-26,0,1,10,26,0.0,0.0,0.0,0.0,0.0
17003,2010-10-26,0,1,10,26,0.0,5.0,21.714285714285715,25.714285714285715,27.505843534999066
15034,2010-10-26,1,1,10,26,0.0,0.0,0.42857142857142855,1.0714285714285714,0.7867957924720677
16011,2010-10-26,0,1,10,26,0.0,72.0,3.7142857142857144,10.428571428571429,8.97615889851711
10080,2010-10-26,0,1,10,26,0.0,0.0,0.0,0.0,0.0
16254,2010-10-26,0,1,10,26,0.0,0.0,0.14285714285714285,0.07142857142857142,0.3779644730092273
10002,2010-10-26,24,1,10,26,0.0,20.0,3.857142857142857,10.428571428571429,8.91494197828492
16216,2010-10-26,0,1,10,26,0.0,0.0,0.7142857142857143,1.7857142857142858,1.8898223650460928
15030,2010-10-27,0,2,10,27,0.0,0.0,0.0,0.0,0.0
16010,2010-10-27,0,2,10,27,0.0,0.0,0.0,0.0,0.0
16052,2010-10-27,0,2,10,27,0.0,0.0,0.0,0.0,0.0
16212,2010-10-27,0,2,10,27,0.0,0.0,0.0,0.0,0.0
16045,2010-10-27,0,2,10,27,0.0,0.0,0.0,0.0,0.0
11001,2010-10-27,0,2,10,27,32.0,0.0,11.571428571428571,7.0,15.447299039607204
10080,2010-10-27,0,2,10,27,0.0,0.0,0.0,0.0,0.0
16238,2010-10-27,0,2,10,27,2.0,5.0,8.428571428571429,5.214285714285714,20.9909277455535
10135,2010-10-27,1,2,10,27,0.0,0.0,0.42857142857142855,2.0,0.7867957924568636
16259,2010-10-27,0,2,10,27,0.0,0.0,0.0,0.0,0.0
16216,2010-10-27,0,2,10,27,0.0,0.0,0.7142857142857143,1.7857142857142858,1.8898223650460928
16236,2010-10-27,1,2,10,27,0.0,12.0,5.142857142857143,5.142857142857143,10.20504077124914
10002,2010-10-27,4,2,10,27,24.0,2.0,4.142857142857143,8.857142857142858,8.877472827867171
16225,2010-10-27,0,2,10,27,0.0,0.0,0.2857142857142857,0.21428571428571427,0.4879500364734149
10120,2010-10-27,0,2,10,27,5.0,0.0,0.7142857142857143,0.35714285714285715,1.8898223650461656
16049,2010-10-27,0,2,10,27,0.0,0.0,0.0,0.0,0.0
16014,2010-10-27,0,2,10,27,100.0,0.0,20.0,10.0,38.2970843102518
17021,2010-10-27,0,2,10,27,0.0,0.0,0.8571428571428571,0.42857142857142855,2.2677868380574937
16237,2010-10-27,1,2,10,27,36.0,96.0,19.714285714285715,22.785714285714285,24.567690745599798
16016,2010-10-27,0,2,10,27,1.0,0.0,3.0,1.5,7.505553499465128
17038,2010-10-27,0,2,10,27,0.0,100.0,0.0,7.142857142857143,0.0
16008,2010-10-27,0,2,10,27,0.0,0.0,0.0,2.5714285714285716,0.0
16218,2010-10-27,0,2,10,27,0.0,0.0,0.0,0.0,0.0
16046,2010-10-27,0,2,10,27,12.0,2.0,2.2857142857142856,1.5714285714285714,4.423960733486292
15034,2010-10-27,0,2,10,27,1.0,0.0,0.42857142857142855,1.0714285714285714,0.7867957924720677
10125,2010-10-27,0,2,10,27,2.0,0.0,6.285714285714286,3.2142857142857144,14.896468101693163
17003,2010-10-27,36,2,10,27,0.0,72.0,16.571428571428573,25.714285714285715,18.39254507364705
16012,2010-10-27,0,2,10,27,24.0,0.0,6.857142857142857,10.285714285714286,11.710800875382397
15039,2010-10-27,0,2,10,27,0.0,0.0,36.0,19.857142857142858,95.24704719832528
16219,2010-10-27,0,2,10,27,0.0,0.0,0.0,0.0,0.0
16053,2010-10-27,0,2,10,27,0.0,0.0,0.0,0.0,0.0
16254,2010-10-27,0,2,10,27,0.0,0.0,0.14285714285714285,0.07142857142857142,0.3779644730092273
16048,2010-10-27,0,2,10,27,0.0,0.0,0.0,0.21428571428571427,0.0
17001,2010-10-27,0,2,10,27,0.0,0.0,5.142857142857143,5.142857142857143,13.606721028332071
10133,2010-10-27,0,2,10,27,21.0,0.0,3.0,2.7857142857142856,7.937253933193762
16015,2010-10-27,0,2,10,27,1.0,0.0,3.0,1.7857142857142858,7.505553499465101
10134,2010-10-27,0,2,10,27,0.0,0.0,0.2857142857142857,1.1428571428571428,0.7559289460184511
16011,2010-10-27,0,2,10,27,0.0,2.0,3.4285714285714284,10.428571428571429,9.071147352221415
16235,2010-10-27,0,2,10,27,0.0,0.0,0.2857142857142857,1.2142857142857142,0.7559289460189489
16033,2010-10-27,0,2,10,27,0.0,0.0,17.142857142857142,8.571428571428571,45.35573676110729
15036,2010-10-27,1244,2,10,27,664.0,26.0,282.85714285714283,151.28571428571428,488.5554996010957
16012,2010-10-28,0,3,10,28,0.0,24.0,3.4285714285714284,10.285714285714286,9.071147352221454
15036,2010-10-28,84,3,10,28,1244.0,60.0,286.2857142857143,157.28571428571428,486.8119809145054
16014,2010-10-28,0,3,10,28,0.0,40.0,14.285714285714286,10.0,37.79644730092095
16046,2010-10-28,96,3,10,28,0.0,0.0,16.0,8.428571428571429,35.53871128783372
16049,2010-10-28,0,3,10,28,0.0,0.0,0.0,0.0,0.0
11001,2010-10-28,0,3,10,28,0.0,33.0,6.857142857142857,7.0,12.588732679511192
15030,2010-10-28,0,3,10,28,0.0,0.0,0.0,0.0,0.0
16033,2010-10-28,0,3,10,28,0.0,0.0,17.142857142857142,8.571428571428571,45.35573676110729
10002,2010-10-28,0,3,10,28,4.0,1.0,4.0,7.071428571428571,8.944271909998944
16235,2010-10-28,0,3,10,28,0.0,0.0,0.2857142857142857,1.2142857142857142,0.7559289460189489
17001,2010-10-28,0,3,10,28,0.0,0.0,5.142857142857143,2.5714285714285716,13.606721028332071
16237,2010-10-28,0,3,10,28,1.0,0.0,19.714285714285715,22.785714285714285,24.567690745599798
15034,2010-10-28,0,3,10,28,0.0,0.0,0.42857142857142855,0.21428571428571427,0.7867957924720677
16053,2010-10-28,0,3,10,28,0.0,0.0,0.0,0.0,0.0
17038,2010-10-28,0,3,10,28,0.0,0.0,0.0,7.142857142857143,0.0
16238,2010-10-28,0,3,10,28,0.0,56.0,0.42857142857142855,5.214285714285714,0.7867957924694434
16236,2010-10-28,0,3,10,28,1.0,28.0,1.1428571428571428,5.142857142857143,1.6761634196950819
10125,2010-10-28,0,3,10,28,0.0,40.0,0.5714285714285714,3.2142857142857144,0.9759000729485661
10133,2010-10-28,0,3,10,28,0.0,0.0,3.0,2.7857142857142856,7.937253933193762
16008,2010-10-28,0,3,10,28,0.0,0.0,0.0,2.5714285714285716,0.0
15039,2010-10-28,0,3,10,28,0.0,252.0,0.0,19.857142857142858,0.0
16048,2010-10-28,0,3,10,28,0.0,0.0,0.0,0.21428571428571427,0.0
17003,2010-10-28,0,3,10,28,36.0,36.0,11.428571428571429,23.142857142857142,17.037773161013185
10134,2010-10-28,0,3,10,28,0.0,0.0,0.2857142857142857,0.42857142857142855,0.7559289460184511
16052,2010-10-28,0,3,10,28,0.0,0.0,0.0,0.0,0.0
16016,2010-10-28,0,3,10,28,0.0,20.0,0.14285714285714285,1.5,0.37796447300917363
16259,2010-10-28,0,3,10,28,0.0,0.0,0.0,0.0,0.0
16219,2010-10-28,0,3,10,28,0.0,0.0,0.0,0.0,0.0
16015,2010-10-28,0,3,10,28,0.0,20.0,0.14285714285714285,1.7857142857142858,0.37796447300860936
10135,2010-10-28,0,3,10,28,1.0,2.0,0.14285714285714285,2.0,0.3779644729830163
16225,2010-10-28,0,3,10,28,0.0,0.0,0.2857142857142857,0.21428571428571427,0.4879500364734149
17021,2010-10-28,0,3,10,28,0.0,0.0,0.8571428571428571,0.42857142857142855,2.2677868380574937
16254,2010-10-28,0,3,10,28,0.0,1.0,0.0,0.07142857142857142,0.0
16216,2010-10-28,0,3,10,28,0.0,0.0,0.7142857142857143,1.7857142857142858,1.8898223650460928
16010,2010-10-28,0,3,10,28,0.0,0.0,0.0,0.0,0.0
16045,2010-10-28,0,3,10,28,0.0,0.0,0.0,0.0,0.0
16011,2010-10-28,0,3,10,28,0.0,0.0,3.4285714285714284,10.428571428571429,9.071147352221415
16218,2010-10-28,0,3,10,28,0.0,0.0,0.0,0.0,0.0
10080,2010-10-28,0,3,10,28,0.0,0.0,0.0,0.0,0.0
10120,2010-10-28,0,3,10,28,0.0,0.0,0.7142857142857143,0.35714285714285715,1.8898223650461656
16212,2010-10-28,0,3,10,28,0.0,0.0,0.0,0.0,0.0
16254,2010-10-29,0,4,10,29,0.0,0.0,0.0,0.07142857142857142,0.0
15034,2010-10-29,0,4,10,29,0.0,2.0,0.14285714285714285,0.21428571428571427,0.3779644730147099
17003,2010-10-29,0,4,10,29,0.0,36.0,6.285714285714286,19.857142857142858,13.437686875792954
16216,2010-10-29,0,4,10,29,0.0,5.0,0.0,1.7857142857142858,0.0
16219,2010-10-29,0,4,10,29,0.0,0.0,0.0,0.0,0.0
16008,2010-10-29,0,4,10,29,0.0,0.0,0.0,2.5714285714285716,0.0
16033,2010-10-29,0,4,10,29,0.0,120.0,0.0,8.571428571428571,0.0
10002,2010-10-29,24,4,10,29,0.0,0.0,7.428571428571429,7.928571428571429,11.41427677453592
16052,2010-10-29,0,4,10,29,0.0,0.0,0.0,0.0,0.0
15030,2010-10-29,0,4,10,29,0.0,0.0,0.0,0.0,0.0
16259,2010-10-29,0,4,10,29,0.0,0.0,0.0,0.0,0.0
10120,2010-10-29,0,4,10,29,0.0,0.0,0.7142857142857143,0.35714285714285715,1.8898223650461656
16049,2010-10-29,0,4,10,29,0.0,0.0,0.0,0.0,0.0
16053,2010-10-29,0,4,10,29,0.0,0.0,0.0,0.0,0.0
16045,2010-10-29,0,4,10,29,0.0,0.0,0.0,0.0,0.0
16218,2010-10-29,0,4,10,29,0.0,0.0,0.0,0.0,0.0
16236,2010-10-29,0,4,10,29,0.0,4.0,0.5714285714285714,4.714285714285714,1.1338934190277274
10133,2010-10-29,0,4,10,29,0.0,0.0,3.0,2.0714285714285716,7.937253933193762
17038,2010-10-29,0,4,10,29,0.0,0.0,0.0,7.142857142857143,0.0
10080,2010-10-29,0,4,10,29,0.0,0.0,0.0,0.0,0.0
16014,2010-10-29,4000,4,10,29,0.0,0.0,585.7142857142857,295.7142857142857,1506.019667233877
16238,2010-10-29,0,4,10,29,0.0,1.0,0.2857142857142857,5.0,0.7559289460184553
10135,2010-10-29,10,4,10,29,0.0,0.0,1.5714285714285714,2.0,3.7352886036237187
11001,2010-10-29,0,4,10,29,0.0,0.0,6.857142857142857,6.928571428571429,12.588732679511192
16016,2010-10-29,0,4,10,29,0.0,0.0,0.14285714285714285,1.5,0.37796447300917363
10134,2010-10-29,0,4,10,29,0.0,2.0,0.0,0.42857142857142855,0.0
17001,2010-10-29,0,4,10,29,0.0,0.0,5.142857142857143,2.5714285714285716,13.606721028332071
16048,2010-10-29,0,4,10,29,0.0,0.0,0.0,0.21428571428571427,0.0
16235,2010-10-29,1,4,10,29,0.0,2.0,0.14285714285714285,1.2857142857142858,0.3779644730102248
15039,2010-10-29,0,4,10,29,0.0,0.0,0.0,19.857142857142858,0.0
16225,2010-10-29,0,4,10,29,0.0,1.0,0.14285714285714285,0.21428571428571427,0.3779644730081261
16046,2010-10-29,0,4,10,29,96.0,1.0,15.857142857142858,8.428571428571429,35.610993487164286
10125,2010-10-29,20,4,10,29,0.0,0.0,3.4285714285714284,4.642857142857143,7.3678839761300745
16212,2010-10-29,0,4,10,29,0.0,0.0,0.0,0.0,0.0
16237,2010-10-29,60,4,10,29,0.0,64.0,19.142857142857142,27.071428571428573,23.383958685593104
15036,2010-10-29,18,4,10,29,84.0,12.0,287.14285714285717,157.57142857142858,486.2535102088994
16015,2010-10-29,0,4,10,29,0.0,0.0,0.14285714285714285,1.5,0.37796447300860936
16010,2010-10-29,0,4,10,29,0.0,0.0,0.0,0.0,0.0
16011,2010-10-29,0,4,10,29,0.0,0.0,3.4285714285714284,8.714285714285714,9.071147352221415
16012,2010-10-29,0,4,10,29,0.0,0.0,3.4285714285714284,10.285714285714286,9.071147352221454
17021,2010-10-29,0,4,10,29,0.0,0.0,0.8571428571428571,0.42857142857142855,2.2677868380574937
16045,2010-10-30,0,5,10,30,0.0,0.0,0.0,0.0,0.0
17021,2010-10-30,0,5,10,30,0.0,0.0,0.8571428571428571,0.42857142857142855,2.2677868380574937
16053,2010-10-30,0,5,10,30,0.0,0.0,0.0,0.0,0.0
16012,2010-10-30,0,5,10,30,0.0,0.0,3.4285714285714284,10.285714285714286,9.071147352221454
10080,2010-10-30,0,5,10,30,0.0,0.0,0.0,0.0,0.0
10120,2010-10-30,0,5,10,30,0.0,0.0,0.7142857142857143,0.35714285714285715,1.8898223650461656
17038,2010-10-30,0,5,10,30,0.0,0.0,0.0,7.142857142857143,0.0
16216,2010-10-30,0,5,10,30,0.0,0.0,0.0,1.7857142857142858,0.0
16046,2010-10-30,0,5,10,30,0.0,0.0,15.857142857142858,8.428571428571429,35.610993487164286
17003,2010-10-30,0,5,10,30,0.0,0.0,6.285714285714286,19.857142857142858,13.437686875792954
16212,2010-10-30,0,5,10,30,0.0,0.0,0.0,0.0,0.0
16015,2010-10-30,0,5,10,30,0.0,0.0,0.14285714285714285,1.5,0.37796447300860936
16011,2010-10-30,0,5,10,30,0.0,0.0,3.4285714285714284,8.714285714285714,9.071147352221415
16014,2010-10-30,0,5,10,30,4000.0,0.0,585.7142857142857,295.7142857142857,1506.019667233877
10002,2010-10-30,0,5,10,30,24.0,0.0,7.428571428571429,7.928571428571429,11.41427677453592
17001,2010-10-30,0,5,10,30,0.0,0.0,5.142857142857143,2.5714285714285716,13.606721028332071
16052,2010-10-30,0,5,10,30,0.0,0.0,0.0,0.0,0.0
16049,2010-10-30,0,5,10,30,0.0,0.0,0.0,0.0,0.0
15034,2010-10-30,0,5,10,30,0.0,0.0,0.14285714285714285,0.21428571428571427,0.3779644730147099
16238,2010-10-30,0,5,10,30,0.0,0.0,0.2857142857142857,5.0,0.7559289460184553
16225,2010-10-30,0,5,10,30,0.0,0.0,0.14285714285714285,0.21428571428571427,0.3779644730081261
16237,2010-10-30,0,5,10,30,60.0,0.0,19.142857142857142,27.071428571428573,23.383958685593104
15030,2010-10-30,0,5,10,30,0.0,0.0,0.0,0.0,0.0
16219,2010-10-30,0,5,10,30,0.0,0.0,0.0,0.0,0.0
10135,2010-10-30,0,5,10,30,10.0,0.0,1.5714285714285714,2.0,3.7352886036237187
10125,2010-10-30,0,5,10,30,20.0,0.0,3.4285714285714284,4.642857142857143,7.3678839761300745
15039,2010-10-30,0,5,10,30,0.0,0.0,0.0,19.857142857142858,0.0
16048,2010-10-30,0,5,10,30,0.0,0.0,0.0,0.21428571428571427,0.0
16235,2010-10-30,0,5,10,30,1.0,0.0,0.14285714285714285,1.2857142857142858,0.3779644730102248
10134,2010-10-30,0,5,10,30,0.0,0.0,0.0,0.42857142857142855,0.0
16259,2010-10-30,0,5,10,30,0.0,0.0,0.0,0.0,0.0
11001,2010-10-30,0,5,10,30,0.0,0.0,6.857142857142857,6.928571428571429,12.588732679511192
15036,2010-10-30,0,5,10,30,18.0,0.0,287.14285714285717,157.57142857142858,486.2535102088994
16033,2010-10-30,0,5,10,30,0.0,0.0,0.0,8.571428571428571,0.0
16218,2010-10-30,0,5,10,30,0.0,0.0,0.0,0.0,0.0
16254,2010-10-30,0,5,10,30,0.0,0.0,0.0,0.07142857142857142,0.0
16008,2010-10-30,0,5,10,30,0.0,0.0,0.0,2.5714285714285716,0.0
10133,2010-10-30,0,5,10,30,0.0,0.0,3.0,2.0714285714285716,7.937253933193762
16010,2010-10-30,0,5,10,30,0.0,0.0,0.0,0.0,0.0
16236,2010-10-30,0,5,10,30,0.0,0.0,0.5714285714285714,4.714285714285714,1.1338934190277274
16016,2010-10-30,0,5,10,30,0.0,0.0,0.14285714285714285,1.5,0.37796447300917363
16015,2010-10-31,0,6,10,31,0.0,0.0,0.14285714285714285,1.5,0.37796447300860936
10133,2010-10-31,10,6,10,31,0.0,0.0,4.428571428571429,2.5,8.202786982831759
10135,2010-10-31,10,6,10,31,0.0,0.0,3.0,2.4285714285714284,4.795831523310673
16010,2010-10-31,0,6,10,31,0.0,0.0,0.0,0.0,0.0
16011,2010-10-31,0,6,10,31,0.0,24.0,0.0,7.0,0.0
10125,2010-10-31,9,6,10,31,0.0,2.0,4.428571428571429,5.214285714285714,7.612646120264685
16219,2010-10-31,0,6,10,31,0.0,0.0,0.0,0.0,0.0
17021,2010-10-31,0,6,10,31,0.0,6.0,0.0,0.42857142857142855,0.0
15034,2010-10-31,0,6,10,31,0.0,0.0,0.14285714285714285,0.21428571428571427,0.3779644730147099
16048,2010-10-31,0,6,10,31,0.0,0.0,0.0,0.21428571428571427,0.0
16235,2010-10-31,0,6,10,31,0.0,0.0,0.14285714285714285,0.21428571428571427,0.3779644730102248
16016,2010-10-31,0,6,10,31,0.0,0.0,0.14285714285714285,1.5,0.37796447300917363
10134,2010-10-31,0,6,10,31,0.0,0.0,0.0,0.14285714285714285,0.0
16259,2010-10-31,0,6,10,31,0.0,0.0,0.0,0.0,0.0
11001,2010-10-31,16,6,10,31,0.0,0.0,9.142857142857142,8.071428571428571,12.588732679511184
17001,2010-10-31,0,6,10,31,0.0,36.0,0.0,2.5714285714285716,0.0
16052,2010-10-31,0,6,10,31,0.0,0.0,0.0,0.0,0.0
16045,2010-10-31,0,6,10,31,0.0,0.0,0.0,0.0,0.0
17003,2010-10-31,0,6,10,31,0.0,8.0,5.142857142857143,13.857142857142858,13.606721028347991
16254,2010-10-31,3,6,10,31,0.0,0.0,0.42857142857142855,0.2857142857142857,1.1338934190276817
16216,2010-10-31,20,6,10,31,0.0,0.0,2.857142857142857,1.7857142857142858,7.559289460184534
15036,2010-10-31,0,6,10,31,0.0,0.0,287.14285714285717,155.85714285714286,486.2535102088994
17038,2010-10-31,0,6,10,31,0.0,0.0,0.0,7.142857142857143,0.0
16218,2010-10-31,0,6,10,31,0.0,0.0,0.0,0.0,0.0
16236,2010-10-31,6,6,10,31,0.0,0.0,1.4285714285714286,4.071428571428571,2.2990681342044623
10002,2010-10-31,0,6,10,31,0.0,0.0,7.428571428571429,7.071428571428571,11.41427677453592
15030,2010-10-31,3,6,10,31,0.0,0.0,0.42857142857142855,0.21428571428571427,1.1338934190276797
10080,2010-10-31,0,6,10,31,0.0,0.0,0.0,0.0,0.0
15039,2010-10-31,0,6,10,31,0.0,0.0,0.0,19.857142857142858,0.0
16049,2010-10-31,0,6,10,31,0.0,0.0,0.0,0.0,0.0
16212,2010-10-31,12,6,10,31,0.0,0.0,1.7142857142857142,0.8571428571428571,4.535573676110717
16238,2010-10-31,0,6,10,31,0.0,0.0,0.2857142857142857,4.642857142857143,0.7559289460184553
16033,2010-10-31,0,6,10,31,0.0,0.0,0.0,8.571428571428571,0.0
10120,2010-10-31,6,6,10,31,0.0,0.0,1.5714285714285714,0.7857142857142857,2.6992062325273323
16046,2010-10-31,1,6,10,31,0.0,3.0,15.571428571428571,8.5,35.73913421287251
16053,2010-10-31,0,6,10,31,0.0,0.0,0.0,0.0,0.0
16237,2010-10-31,12,6,10,31,0.0,30.0,16.571428571428573,22.142857142857142,22.977214386264986
16012,2010-10-31,0,6,10,31,0.0,0.0,3.4285714285714284,8.571428571428571,9.071147352221454
16008,2010-10-31,0,6,10,31,0.0,0.0,0.0,0.0,0.0
16014,2010-10-31,0,6,10,31,0.0,0.0,585.7142857142857,295.7142857142857,1506.019667233877
16225,2010-10-31,0,6,10,31,0.0,1.0,0.0,0.21428571428571427,0.0
17001,2010-11-01,0,0,11,1,0.0,0.0,0.0,2.5714285714285716,0.0
11001,2010-11-01,1,0,11,1,16.0,16.0,7.0,8.142857142857142,12.50333288900747
16236,2010-11-01,0,0,11,1,6.0,3.0,1.0,3.9285714285714284,2.236067977499813
16014,2010-11-01,0,0,11,1,0.0,0.0,585.7142857142857,295.7142857142857,1506.019667233877
10080,2010-11-01,0,0,11,1,0.0,0.0,0.0,0.0,0.0
16045,2010-11-01,0,0,11,1,0.0,0.0,0.0,0.0,0.0
16052,2010-11-01,0,0,11,1,0.0,0.0,0.0,0.0,0.0
16012,2010-11-01,24,0,11,1,0.0,0.0,6.857142857142857,10.285714285714286,11.710800875382397
17003,2010-11-01,0,0,11,1,0.0,0.0,5.142857142857143,13.785714285714286,13.606721028347991
16049,2010-11-01,0,0,11,1,0.0,0.0,0.0,0.0,0.0
16008,2010-11-01,0,0,11,1,0.0,0.0,0.0,0.0,0.0
16216,2010-11-01,0,0,11,1,20.0,0.0,2.857142857142857,1.7857142857142858,7.559289460184534
15036,2010-11-01,8,0,11,1,0.0,0.0,288.2857142857143,153.78571428571428,485.47492701673565
17038,2010-11-01,0,0,11,1,0.0,0.0,0.0,7.142857142857143,0.0
16218,2010-11-01,0,0,11,1,0.0,0.0,0.0,0.0,0.0
16046,2010-11-01,0,0,11,1,1.0,0.0,15.571428571428571,8.214285714285714,35.73913421287251
10120,2010-11-01,0,0,11,1,6.0,0.0,1.5714285714285714,0.7857142857142857,2.6992062325273323
16033,2010-11-01,0,0,11,1,0.0,0.0,0.0,8.571428571428571,0.0
16254,2010-11-01,0,0,11,1,3.0,0.0,0.42857142857142855,0.2857142857142857,1.1338934190276817
16016,2010-11-01,0,0,11,1,0.0,0.0,0.14285714285714285,1.5,0.37796447300917363
10134,2010-11-01,0,0,11,1,0.0,0.0,0.0,0.14285714285714285,0.0
10133,2010-11-01,1,0,11,1,10.0,0.0,4.571428571428571,2.2857142857142856,8.121107126025416
16010,2010-11-01,0,0,11,1,0.0,0.0,0.0,0.0,0.0
16235,2010-11-01,-60,0,11,1,0.0,0.0,-8.428571428571429,-4.071428571428571,22.74391598396625
15034,2010-11-01,0,0,11,1,0.0,0.0,0.14285714285714285,0.21428571428571427,0.3779644730147099
10125,2010-11-01,0,0,11,1,9.0,0.0,4.428571428571429,5.214285714285714,7.612646120264685
10135,2010-11-01,0,0,11,1,10.0,0.0,3.0,1.6428571428571428,4.795831523310673
16053,2010-11-01,0,0,11,1,0.0,0.0,0.0,0.0,0.0
16225,2010-11-01,0,0,11,1,0.0,0.0,0.0,0.14285714285714285,0.0
17021,2010-11-01,0,0,11,1,0.0,0.0,0.0,0.42857142857142855,0.0
15039,2010-11-01,0,0,11,1,0.0,0.0,0.0,19.857142857142858,0.0
10002,2010-11-01,0,0,11,1,0.0,0.0,7.428571428571429,5.357142857142857,11.41427677453592
16212,2010-11-01,0,0,11,1,12.0,0.0,1.7142857142857142,0.8571428571428571,4.535573676110717
16015,2010-11-01,0,0,11,1,0.0,0.0,0.14285714285714285,1.5,0.37796447300860936
16238,2010-11-01,0,0,11,1,0.0,0.0,0.2857142857142857,4.642857142857143,0.7559289460184553
16259,2010-11-01,0,0,11,1,0.0,0.0,0.0,0.0,0.0
16219,2010-11-01,0,0,11,1,0.0,0.0,0.0,0.0,0.0
16237,2010-11-01,2,0,11,1,12.0,7.0,15.857142857142858,22.0,23.39820912967897
16011,2010-11-01,24,0,11,1,0.0,0.0,3.4285714285714284,8.714285714285714,9.071147352221415
16048,2010-11-01,0,0,11,1,0.0,0.0,0.0,0.0,0.0
16237,2010-11-02,183,1,11,2,2.0,36.0,36.857142857142854,35.07142857142857,67.98144004414874
16259,2010-11-02,0,1,11,2,0.0,0.0,0.0,0.0,0.0
16254,2010-11-02,0,1,11,2,0.0,0.0,0.42857142857142855,0.2857142857142857,1.1338934190276817
10135,2010-11-02,20,1,11,2,0.0,0.0,5.857142857142857,3.0714285714285716,7.755182598935869
16045,2010-11-02,0,1,11,2,0.0,0.0,0.0,0.0,0.0
16053,2010-11-02,0,1,11,2,0.0,0.0,0.0,0.0,0.0
16033,2010-11-02,0,1,11,2,0.0,0.0,0.0,8.571428571428571,0.0
10120,2010-11-02,0,1,11,2,0.0,5.0,0.8571428571428571,0.7857142857142857,2.267786838055388
16218,2010-11-02,0,1,11,2,0.0,0.0,0.0,0.0,0.0
16016,2010-11-02,0,1,11,2,0.0,1.0,0.0,1.5,0.0
10134,2010-11-02,0,1,11,2,0.0,0.0,0.0,0.14285714285714285,0.0
16012,2010-11-02,0,1,11,2,24.0,24.0,3.4285714285714284,5.142857142857143,9.071147352221454
16014,2010-11-02,0,1,11,2,0.0,100.0,571.4285714285714,295.7142857142857,1511.8578920369089
15034,2010-11-02,0,1,11,2,0.0,1.0,0.0,0.21428571428571427,0.0
10080,2010-11-02,0,1,11,2,0.0,0.0,0.0,0.0,0.0
16238,2010-11-02,0,1,11,2,0.0,2.0,0.0,4.571428571428571,0.0
15039,2010-11-02,0,1,11,2,0.0,0.0,0.0,18.0,0.0
16219,2010-11-02,0,1,11,2,0.0,0.0,0.0,0.0,0.0
16015,2010-11-02,0,1,11,2,0.0,1.0,0.0,1.5,0.0
16235,2010-11-02,1,1,11,2,-60.0,0.0,-8.285714285714286,-4.0,22.808728487973557
16008,2010-11-02,0,1,11,2,0.0,0.0,0.0,0.0,0.0
16010,2010-11-02,0,1,11,2,0.0,0.0,0.0,0.0,0.0
16236,2010-11-02,0,1,11,2,0.0,0.0,1.0,3.857142857142857,2.236067977499813
16046,2010-11-02,0,1,11,2,0.0,12.0,13.857142857142858,8.214285714285714,36.223512490409554
11001,2010-11-02,0,1,11,2,1.0,32.0,2.4285714285714284,7.0,5.9960304329100955
16052,2010-11-02,0,1,11,2,0.0,0.0,0.0,0.0,0.0
17021,2010-11-02,0,1,11,2,0.0,0.0,0.0,0.42857142857142855,0.0
16225,2010-11-02,0,1,11,2,0.0,0.0,0.0,0.14285714285714285,0.0
16048,2010-11-02,0,1,11,2,0.0,0.0,0.0,0.0,0.0
16049,2010-11-02,0,1,11,2,0.0,0.0,0.0,0.0,0.0
16216,2010-11-02,0,1,11,2,0.0,0.0,2.857142857142857,1.7857142857142858,7.559289460184534
15036,2010-11-02,4,1,11,2,8.0,664.0,194.0,151.42857142857142,463.958331462356
10133,2010-11-02,20,1,11,2,1.0,21.0,4.428571428571429,3.7142857142857144,7.785823502947359
17003,2010-11-02,3,1,11,2,0.0,0.0,5.571428571428571,13.642857142857142,13.46423834779169
16011,2010-11-02,0,1,11,2,24.0,0.0,3.4285714285714284,3.5714285714285716,9.071147352221415
17001,2010-11-02,0,1,11,2,0.0,0.0,0.0,2.5714285714285716,0.0
10125,2010-11-02,0,1,11,2,0.0,2.0,4.142857142857143,5.214285714285714,7.7551825989371235
17038,2010-11-02,0,1,11,2,0.0,0.0,0.0,7.142857142857143,0.0
16212,2010-11-02,0,1,11,2,0.0,0.0,1.7142857142857142,0.8571428571428571,4.535573676110717
10002,2010-11-02,37,1,11,2,0.0,24.0,9.285714285714286,6.571428571428571,15.04121322360969
16225,2010-11-03,0,2,11,3,0.0,0.0,0.0,0.14285714285714285,0.0
15039,2010-11-03,0,2,11,3,0.0,0.0,0.0,18.0,0.0
16012,2010-11-03,0,2,11,3,0.0,0.0,3.4285714285714284,5.142857142857143,9.071147352221454
16033,2010-11-03,0,2,11,3,0.0,0.0,0.0,8.571428571428571,0.0
16011,2010-11-03,0,2,11,3,0.0,0.0,3.4285714285714284,3.4285714285714284,9.071147352221415
16015,2010-11-03,0,2,11,3,0.0,0.0,0.0,1.5,0.0
16053,2010-11-03,0,2,11,3,0.0,0.0,0.0,0.0,0.0
16008,2010-11-03,0,2,11,3,0.0,0.0,0.0,0.0,0.0
15034,2010-11-03,0,2,11,3,0.0,0.0,0.0,0.21428571428571427,0.0
16046,2010-11-03,2,2,11,3,0.0,0.0,14.142857142857142,8.214285714285714,36.10368666045325
16014,2010-11-03,0,2,11,3,0.0,0.0,571.4285714285714,295.7142857142857,1511.8578920369089
10120,2010-11-03,5,2,11,3,0.0,0.0,1.5714285714285714,1.1428571428571428,2.6992062325273323
16212,2010-11-03,0,2,11,3,0.0,0.0,1.7142857142857142,0.8571428571428571,4.535573676110717
10133,2010-11-03,6,2,11,3,20.0,0.0,5.285714285714286,4.142857142857143,7.54352450150205
17001,2010-11-03,0,2,11,3,0.0,0.0,0.0,2.5714285714285716,0.0
16016,2010-11-03,0,2,11,3,0.0,0.0,0.0,1.5,0.0
16235,2010-11-03,20,2,11,3,1.0,0.0,-5.428571428571429,-2.5714285714285716,25.151919362526765
16236,2010-11-03,4,2,11,3,0.0,1.0,1.4285714285714286,3.2857142857142856,2.507132682112055
10125,2010-11-03,41,2,11,3,0.0,0.0,10.0,8.142857142857142,15.609825965290792
16049,2010-11-03,36,2,11,3,0.0,0.0,5.142857142857143,2.5714285714285716,13.606721028332071
16045,2010-11-03,0,2,11,3,0.0,0.0,0.0,0.0,0.0
16010,2010-11-03,0,2,11,3,0.0,0.0,0.0,0.0,0.0
10080,2010-11-03,0,2,11,3,0.0,0.0,0.0,0.0,0.0
11001,2010-11-03,16,2,11,3,0.0,0.0,4.714285714285714,8.142857142857142,7.7182529481373825
16052,2010-11-03,0,2,11,3,0.0,0.0,0.0,0.0,0.0
16254,2010-11-03,0,2,11,3,0.0,0.0,0.42857142857142855,0.2857142857142857,1.1338934190276817
16216,2010-11-03,5,2,11,3,0.0,0.0,3.5714285714285716,2.142857142857143,7.480132415430946
16219,2010-11-03,0,2,11,3,0.0,0.0,0.0,0.0,0.0
16218,2010-11-03,0,2,11,3,0.0,0.0,0.0,0.0,0.0
17003,2010-11-03,9,2,11,3,3.0,36.0,1.7142857142857142,9.142857142857142,3.401680257146565
10002,2010-11-03,0,2,11,3,37.0,4.0,8.714285714285714,6.428571428571429,15.348336345396667
17021,2010-11-03,0,2,11,3,0.0,0.0,0.0,0.42857142857142855,0.0
16259,2010-11-03,0,2,11,3,0.0,0.0,0.0,0.0,0.0
16237,2010-11-03,41,2,11,3,183.0,1.0,42.57142857142857,31.142857142857142,66.12074092864037
15036,2010-11-03,23,2,11,3,4.0,1244.0,19.571428571428573,151.21428571428572,29.7425460850124
10134,2010-11-03,0,2,11,3,0.0,0.0,0.0,0.14285714285714285,0.0
17038,2010-11-03,0,2,11,3,0.0,0.0,0.0,0.0,0.0
16238,2010-11-03,0,2,11,3,0.0,0.0,0.0,4.214285714285714,0.0
16048,2010-11-03,0,2,11,3,0.0,0.0,0.0,0.0,0.0
10135,2010-11-03,30,2,11,3,20.0,1.0,10.0,5.214285714285714,11.547005383791685
16238,2010-11-04,0,3,11,4,0.0,0.0,0.0,0.21428571428571427,0.0
17003,2010-11-04,6732,3,11,4,9.0,0.0,963.4285714285714,487.42857142857144,2543.703065555075
10133,2010-11-04,0,3,11,4,6.0,0.0,5.285714285714286,4.142857142857143,7.54352450150205
10135,2010-11-04,12,3,11,4,30.0,0.0,11.714285714285714,5.928571428571429,10.672617387723728
16033,2010-11-04,120,3,11,4,0.0,0.0,17.142857142857142,17.142857142857142,45.35573676110729
17038,2010-11-04,0,3,11,4,0.0,0.0,0.0,0.0,0.0
16049,2010-11-04,72,3,11,4,36.0,0.0,15.428571428571429,7.714285714285714,28.324648528899893
16052,2010-11-04,0,3,11,4,0.0,0.0,0.0,0.0,0.0
16219,2010-11-04,1,3,11,4,0.0,0.0,0.14285714285714285,0.07142857142857142,0.377964473009311
16008,2010-11-04,12,3,11,4,0.0,0.0,1.7142857142857142,0.8571428571428571,4.535573676110723
16225,2010-11-04,0,3,11,4,0.0,0.0,0.0,0.14285714285714285,0.0
16259,2010-11-04,0,3,11,4,0.0,0.0,0.0,0.0,0.0
10120,2010-11-04,1,3,11,4,5.0,0.0,1.7142857142857142,1.2142857142857142,2.6276913640612385
10080,2010-11-04,0,3,11,4,0.0,0.0,0.0,0.0,0.0
17021,2010-11-04,0,3,11,4,0.0,0.0,0.0,0.42857142857142855,0.0
16010,2010-11-04,0,3,11,4,0.0,0.0,0.0,0.0,0.0
16011,2010-11-04,48,3,11,4,0.0,0.0,10.285714285714286,6.857142857142857,18.883099019266623
10125,2010-11-04,1,3,11,4,41.0,0.0,10.142857142857142,5.357142857142857,15.507294750413124
16015,2010-11-04,0,3,11,4,0.0,0.0,0.0,0.07142857142857142,0.0
16254,2010-11-04,0,3,11,4,0.0,0.0,0.42857142857142855,0.21428571428571427,1.1338934190276817
16045,2010-11-04,0,3,11,4,0.0,0.0,0.0,0.0,0.0
15036,2010-11-04,146,3,11,4,23.0,84.0,28.428571428571427,157.35714285714286,52.58598400986476
16216,2010-11-04,0,3,11,4,5.0,0.0,3.5714285714285716,2.142857142857143,7.480132415430946
16236,2010-11-04,0,3,11,4,4.0,0.0,1.4285714285714286,1.2857142857142858,2.507132682112055
16046,2010-11-04,0,3,11,4,2.0,96.0,0.42857142857142855,8.214285714285714,0.7867957924692502
16237,2010-11-04,46,3,11,4,41.0,0.0,49.142857142857146,34.42857142857143,63.41511011167754
10134,2010-11-04,0,3,11,4,0.0,0.0,0.0,0.14285714285714285,0.0
16235,2010-11-04,194,3,11,4,20.0,0.0,22.285714285714285,11.285714285714286,79.751100902985
16218,2010-11-04,0,3,11,4,0.0,0.0,0.0,0.0,0.0
16212,2010-11-04,0,3,11,4,0.0,0.0,1.7142857142857142,0.8571428571428571,4.535573676110717
11001,2010-11-04,19,3,11,4,16.0,0.0,7.428571428571429,7.142857142857143,9.015859043137088
16016,2010-11-04,0,3,11,4,0.0,0.0,0.0,0.07142857142857142,0.0
17001,2010-11-04,0,3,11,4,0.0,0.0,0.0,2.5714285714285716,0.0
16012,2010-11-04,0,3,11,4,0.0,0.0,3.4285714285714284,3.4285714285714284,9.071147352221454
16048,2010-11-04,0,3,11,4,0.0,0.0,0.0,0.0,0.0
16014,2010-11-04,0,3,11,4,0.0,0.0,571.4285714285714,292.85714285714283,1511.8578920369089
16053,2010-11-04,0,3,11,4,0.0,0.0,0.0,0.0,0.0
10002,2010-11-04,12,3,11,4,0.0,0.0,10.428571428571429,7.214285714285714,14.875675254781207
15039,2010-11-04,31,3,11,4,0.0,0.0,4.428571428571429,2.2142857142857144,11.716898663286093
15034,2010-11-04,97,3,11,4,0.0,0.0,13.857142857142858,7.142857142857143,36.662553881895086
16048,2010-11-05,0,4,11,5,0.0,0.0,0.0,0.0,0.0
10125,2010-11-05,0,4,11,5,1.0,20.0,7.285714285714286,5.357142857142857,15.228419547174353
17038,2010-11-05,1,4,11,5,0.0,0.0,0.14285714285714285,0.07142857142857142,0.37796447300922925
16011,2010-11-05,0,4,11,5,48.0,0.0,10.285714285714286,6.857142857142857,18.883099019266623
16010,2010-11-05,0,4,11,5,0.0,0.0,0.0,0.0,0.0
16015,2010-11-05,0,4,11,5,0.0,0.0,0.0,0.07142857142857142,0.0
15036,2010-11-05,24,4,11,5,146.0,18.0,29.285714285714285,158.21428571428572,52.436355981050646
10002,2010-11-05,36,4,11,5,12.0,24.0,12.142857142857142,9.785714285714286,17.208801734660454
16216,2010-11-05,0,4,11,5,0.0,0.0,3.5714285714285716,1.7857142857142858,7.480132415430946
17021,2010-11-05,0,4,11,5,0.0,0.0,0.0,0.42857142857142855,0.0
16235,2010-11-05,0,4,11,5,194.0,1.0,22.142857142857142,11.142857142857142,79.79646728067722
16219,2010-11-05,0,4,11,5,1.0,0.0,0.14285714285714285,0.07142857142857142,0.377964473009311
16225,2010-11-05,0,4,11,5,0.0,0.0,0.0,0.07142857142857142,0.0
16052,2010-11-05,24,4,11,5,0.0,0.0,3.4285714285714284,1.7142857142857142,9.071147352221454
15039,2010-11-05,0,4,11,5,31.0,0.0,4.428571428571429,2.2142857142857144,11.716898663286093
11001,2010-11-05,32,4,11,5,19.0,0.0,12.0,9.428571428571429,12.17921727096349
16218,2010-11-05,0,4,11,5,0.0,0.0,0.0,0.0,0.0
10134,2010-11-05,0,4,11,5,0.0,0.0,0.0,0.0,0.0
15034,2010-11-05,24,4,11,5,97.0,0.0,17.285714285714285,8.714285714285714,36.270806836510154
16016,2010-11-05,0,4,11,5,0.0,0.0,0.0,0.07142857142857142,0.0
16012,2010-11-05,0,4,11,5,0.0,0.0,3.4285714285714284,3.4285714285714284,9.071147352221454
10133,2010-11-05,0,4,11,5,0.0,0.0,5.285714285714286,4.142857142857143,7.54352450150205
16053,2010-11-05,0,4,11,5,0.0,0.0,0.0,0.0,0.0
16212,2010-11-05,0,4,11,5,0.0,0.0,1.7142857142857142,0.8571428571428571,4.535573676110717
17003,2010-11-05,36,4,11,5,6732.0,0.0,968.5714285714286,487.42857142857144,2541.46597177973
16259,2010-11-05,0,4,11,5,0.0,0.0,0.0,0.0,0.0
16237,2010-11-05,1,4,11,5,46.0,60.0,40.714285714285715,29.928571428571427,65.61431318880122
16046,2010-11-05,0,4,11,5,0.0,0.0,0.42857142857142855,8.142857142857142,0.7867957924692502
17001,2010-11-05,0,4,11,5,0.0,0.0,0.0,2.5714285714285716,0.0
16033,2010-11-05,0,4,11,5,120.0,0.0,17.142857142857142,8.571428571428571,45.35573676110729
16014,2010-11-05,0,4,11,5,0.0,4000.0,0.0,292.85714285714283,0.0
16254,2010-11-05,0,4,11,5,0.0,0.0,0.42857142857142855,0.21428571428571427,1.1338934190276817
16236,2010-11-05,0,4,11,5,0.0,0.0,1.4285714285714286,1.0,2.507132682112055
16045,2010-11-05,0,4,11,5,0.0,0.0,0.0,0.0,0.0
10080,2010-11-05,0,4,11,5,0.0,0.0,0.0,0.0,0.0
10120,2010-11-05,0,4,11,5,1.0,0.0,1.7142857142857142,1.2142857142857142,2.6276913640612385
10135,2010-11-05,10,4,11,5,12.0,10.0,11.714285714285714,6.642857142857143,10.672617387723728
16008,2010-11-05,0,4,11,5,12.0,0.0,1.7142857142857142,0.8571428571428571,4.535573676110723
16238,2010-11-05,2,4,11,5,0.0,0.0,0.2857142857142857,0.2857142857142857,0.7559289460184553
10133,2010-11-06,0,5,11,6,0.0,0.0,5.285714285714286,4.142857142857143,7.54352450150205
16010,2010-11-06,0,5,11,6,0.0,0.0,0.0,0.0,0.0
16238,2010-11-06,0,5,11,6,2.0,0.0,0.2857142857142857,0.2857142857142857,0.7559289460184553
15039,2010-11-06,0,5,11,6,0.0,0.0,4.428571428571429,2.2142857142857144,11.716898663286093
17001,2010-11-06,0,5,11,6,0.0,0.0,0.0,2.5714285714285716,0.0
16212,2010-11-06,0,5,11,6,0.0,0.0,1.7142857142857142,0.8571428571428571,4.535573676110717
16046,2010-11-06,0,5,11,6,0.0,0.0,0.42857142857142855,8.142857142857142,0.7867957924692502
16235,2010-11-06,0,5,11,6,0.0,0.0,22.142857142857142,11.142857142857142,79.79646728067722
17038,2010-11-06,0,5,11,6,1.0,0.0,0.14285714285714285,0.07142857142857142,0.37796447300922925
16015,2010-11-06,0,5,11,6,0.0,0.0,0.0,0.07142857142857142,0.0
16236,2010-11-06,0,5,11,6,0.0,0.0,1.4285714285714286,1.0,2.507132682112055
16225,2010-11-06,0,5,11,6,0.0,0.0,0.0,0.07142857142857142,0.0
16008,2010-11-06,0,5,11,6,0.0,0.0,1.7142857142857142,0.8571428571428571,4.535573676110723
10120,2010-11-06,0,5,11,6,0.0,0.0,1.7142857142857142,1.2142857142857142,2.6276913640612385
16012,2010-11-06,0,5,11,6,0.0,0.0,3.4285714285714284,3.4285714285714284,9.071147352221454
16254,2010-11-06,0,5,11,6,0.0,0.0,0.42857142857142855,0.21428571428571427,1.1338934190276817
16045,2010-11-06,0,5,11,6,0.0,0.0,0.0,0.0,0.0
10080,2010-11-06,0,5,11,6,0.0,0.0,0.0,0.0,0.0
16218,2010-11-06,0,5,11,6,0.0,0.0,0.0,0.0,0.0
10135,2010-11-06,0,5,11,6,10.0,0.0,11.714285714285714,6.642857142857143,10.672617387723728
10134,2010-11-06,0,5,11,6,0.0,0.0,0.0,0.0,0.0
16033,2010-11-06,0,5,11,6,0.0,0.0,17.142857142857142,8.571428571428571,45.35573676110729
17003,2010-11-06,0,5,11,6,36.0,0.0,968.5714285714286,487.42857142857144,2541.46597177973
15036,2010-11-06,0,5,11,6,24.0,0.0,29.285714285714285,158.21428571428572,52.436355981050646
16216,2010-11-06,0,5,11,6,0.0,0.0,3.5714285714285716,1.7857142857142858,7.480132415430946
16259,2010-11-06,0,5,11,6,0.0,0.0,0.0,0.0,0.0
16237,2010-11-06,0,5,11,6,1.0,0.0,40.714285714285715,29.928571428571427,65.61431318880122
15034,2010-11-06,0,5,11,6,24.0,0.0,17.285714285714285,8.714285714285714,36.270806836510154
17021,2010-11-06,0,5,11,6,0.0,0.0,0.0,0.42857142857142855,0.0
16219,2010-11-06,0,5,11,6,0.0,0.0,0.14285714285714285,0.07142857142857142,0.377964473009311
16011,2010-11-06,0,5,11,6,0.0,0.0,10.285714285714286,6.857142857142857,18.883099019266623
16053,2010-11-06,0,5,11,6,0.0,0.0,0.0,0.0,0.0
16048,2010-11-06,0,5,11,6,0.0,0.0,0.0,0.0,0.0
16052,2010-11-06,0,5,11,6,24.0,0.0,3.4285714285714284,1.7142857142857142,9.071147352221454
11001,2010-11-06,0,5,11,6,32.0,0.0,12.0,9.428571428571429,12.17921727096349
10002,2010-11-06,0,5,11,6,36.0,0.0,12.142857142857142,9.785714285714286,17.208801734660454
16014,2010-11-06,0,5,11,6,0.0,0.0,0.0,292.85714285714283,0.0
10125,2010-11-06,0,5,11,6,0.0,0.0,7.285714285714286,5.357142857142857,15.228419547174353
16016,2010-11-06,0,5,11,6,0.0,0.0,0.0,0.07142857142857142,0.0
15034,2010-11-07,0,6,11,7,0.0,0.0,17.285714285714285,8.714285714285714,36.270806836510154
10134,2010-11-07,25,6,11,7,0.0,0.0,3.5714285714285716,1.7857142857142858,9.449111825230679
16033,2010-11-07,120,6,11,7,0.0,0.0,34.285714285714285,17.142857142857142,58.55400437691203
17003,2010-11-07,36,6,11,7,0.0,0.0,973.7142857142857,489.42857142857144,2539.2147548855673
10135,2010-11-07,100,6,11,7,0.0,10.0,24.571428571428573,13.785714285714286,34.92304464990172
16238,2010-11-07,0,6,11,7,0.0,0.0,0.2857142857142857,0.2857142857142857,0.7559289460184553
16015,2010-11-07,10,6,11,7,0.0,0.0,1.4285714285714286,0.7857142857142857,3.7796447300922082
16219,2010-11-07,0,6,11,7,0.0,0.0,0.14285714285714285,0.07142857142857142,0.377964473009311
17038,2010-11-07,0,6,11,7,0.0,0.0,0.14285714285714285,0.07142857142857142,0.37796447300922925
15039,2010-11-07,3,6,11,7,0.0,0.0,4.857142857142857,2.4285714285714284,11.582005747833934
16048,2010-11-07,0,6,11,7,0.0,0.0,0.0,0.0,0.0
10002,2010-11-07,85,6,11,7,0.0,0.0,24.285714285714285,15.857142857142858,31.372569152654513
16254,2010-11-07,0,6,11,7,0.0,3.0,0.0,0.21428571428571427,0.0
16011,2010-11-07,0,6,11,7,0.0,0.0,10.285714285714286,5.142857142857143,18.883099019266623
16212,2010-11-07,0,6,11,7,0.0,12.0,0.0,0.8571428571428571,0.0
16235,2010-11-07,18,6,11,7,0.0,0.0,24.714285714285715,12.428571428571429,79.25215935168431
10080,2010-11-07,0,6,11,7,0.0,0.0,0.0,0.0,0.0
16259,2010-11-07,108,6,11,7,0.0,0.0,15.428571428571429,7.714285714285714,40.82016308499652
16016,2010-11-07,10,6,11,7,0.0,0.0,1.4285714285714286,0.7857142857142857,3.779644730092263
16010,2010-11-07,0,6,11,7,0.0,0.0,0.0,0.0,0.0
10120,2010-11-07,12,6,11,7,0.0,6.0,2.5714285714285716,2.0714285714285716,4.540820148282436
10125,2010-11-07,0,6,11,7,0.0,9.0,6.0,5.214285714285714,15.438048235879215
17021,2010-11-07,0,6,11,7,0.0,0.0,0.0,0.0,0.0
16052,2010-11-07,0,6,11,7,0.0,0.0,3.4285714285714284,1.7142857142857142,9.071147352221454
16014,2010-11-07,10,6,11,7,0.0,0.0,1.4285714285714286,293.57142857142856,3.7796447300512046
16236,2010-11-07,0,6,11,7,0.0,6.0,0.5714285714285714,1.0,1.5118578920369434
16046,2010-11-07,0,6,11,7,0.0,1.0,0.2857142857142857,7.928571428571429,0.7559289460182529
16012,2010-11-07,0,6,11,7,0.0,0.0,3.4285714285714284,3.4285714285714284,9.071147352221454
16237,2010-11-07,12,6,11,7,0.0,12.0,40.714285714285715,28.642857142857142,65.61431318880122
11001,2010-11-07,64,6,11,7,0.0,16.0,18.857142857142858,14.0,23.269640961480082
16053,2010-11-07,48,6,11,7,0.0,0.0,6.857142857142857,3.4285714285714284,18.14229470444077
16225,2010-11-07,0,6,11,7,0.0,0.0,0.0,0.0,0.0
15036,2010-11-07,0,6,11,7,0.0,0.0,29.285714285714285,158.21428571428572,52.436355981050646
16216,2010-11-07,0,6,11,7,0.0,20.0,0.7142857142857143,1.7857142857142858,1.88982236504609
10133,2010-11-07,0,6,11,7,0.0,10.0,3.857142857142857,4.142857142857143,7.448234050846571
17001,2010-11-07,0,6,11,7,0.0,0.0,0.0,0.0,0.0
16045,2010-11-07,0,6,11,7,0.0,0.0,0.0,0.0,0.0
16008,2010-11-07,0,6,11,7,0.0,0.0,1.7142857142857142,0.8571428571428571,4.535573676110723
16218,2010-11-07,0,6,11,7,0.0,0.0,0.0,0.0,0.0
10135,2010-11-08,0,0,11,8,100.0,0.0,24.571428571428573,13.785714285714286,34.92304464990172
10080,2010-11-08,0,0,11,8,0.0,0.0,0.0,0.0,0.0
15036,2010-11-08,42,0,11,8,0.0,8.0,34.142857142857146,161.21428571428572,51.70566884275097
16016,2010-11-08,0,0,11,8,10.0,0.0,1.4285714285714286,0.7857142857142857,3.779644730092263
16010,2010-11-08,0,0,11,8,0.0,0.0,0.0,0.0,0.0
16216,2010-11-08,0,0,11,8,0.0,0.0,0.7142857142857143,1.7857142857142858,1.88982236504609
10120,2010-11-08,0,0,11,8,12.0,0.0,2.5714285714285716,2.0714285714285716,4.540820148282436
16011,2010-11-08,0,0,11,8,0.0,24.0,6.857142857142857,5.142857142857143,18.142294704442893
15034,2010-11-08,0,0,11,8,0.0,0.0,17.285714285714285,8.714285714285714,36.270806836510154
16048,2010-11-08,0,0,11,8,0.0,0.0,0.0,0.0,0.0
10002,2010-11-08,0,0,11,8,85.0,0.0,24.285714285714285,15.857142857142858,31.372569152654513
16014,2010-11-08,0,0,11,8,10.0,0.0,1.4285714285714286,293.57142857142856,3.7796447300512046
16218,2010-11-08,0,0,11,8,0.0,0.0,0.0,0.0,0.0
16053,2010-11-08,0,0,11,8,48.0,0.0,6.857142857142857,3.4285714285714284,18.14229470444077
17038,2010-11-08,0,0,11,8,0.0,0.0,0.14285714285714285,0.07142857142857142,0.37796447300922925
16045,2010-11-08,0,0,11,8,0.0,0.0,0.0,0.0,0.0
10134,2010-11-08,2,0,11,8,25.0,0.0,3.857142857142857,1.9285714285714286,9.352870707766169
16012,2010-11-08,72,0,11,8,0.0,24.0,10.285714285714286,8.571428571428571,27.21344205666436
11001,2010-11-08,0,0,11,8,64.0,1.0,18.714285714285715,12.857142857142858,23.400244198970018
16254,2010-11-08,0,0,11,8,0.0,0.0,0.0,0.21428571428571427,0.0
16237,2010-11-08,1,0,11,8,12.0,2.0,40.57142857142857,28.214285714285715,65.71366459333791
10125,2010-11-08,0,0,11,8,0.0,0.0,6.0,5.214285714285714,15.438048235879215
16235,2010-11-08,4,0,11,8,18.0,-60.0,33.857142857142854,12.714285714285714,71.12530860256089
16259,2010-11-08,0,0,11,8,108.0,0.0,15.428571428571429,7.714285714285714,40.82016308499652
17003,2010-11-08,44,0,11,8,36.0,0.0,980.0,492.57142857142856,2536.4555978766907
10133,2010-11-08,0,0,11,8,0.0,1.0,3.7142857142857144,4.142857142857143,7.521398046336094
16008,2010-11-08,0,0,11,8,0.0,0.0,1.7142857142857142,0.8571428571428571,4.535573676110723
16238,2010-11-08,28,0,11,8,0.0,0.0,4.285714285714286,2.2857142857142856,10.483547200483331
17001,2010-11-08,0,0,11,8,0.0,0.0,0.0,0.0,0.0
16225,2010-11-08,10,0,11,8,0.0,0.0,1.4285714285714286,0.7142857142857143,3.7796447300921634
16033,2010-11-08,0,0,11,8,120.0,0.0,34.285714285714285,17.142857142857142,58.55400437691203
16052,2010-11-08,0,0,11,8,0.0,0.0,3.4285714285714284,1.7142857142857142,9.071147352221454
16212,2010-11-08,0,0,11,8,0.0,0.0,0.0,0.8571428571428571,0.0
16219,2010-11-08,0,0,11,8,0.0,0.0,0.14285714285714285,0.07142857142857142,0.377964473009311
16236,2010-11-08,0,0,11,8,0.0,0.0,0.5714285714285714,0.7857142857142857,1.5118578920369434
17021,2010-11-08,0,0,11,8,0.0,0.0,0.0,0.0,0.0
16046,2010-11-08,0,0,11,8,0.0,0.0,0.2857142857142857,7.928571428571429,0.7559289460182529
15039,2010-11-08,1,0,11,8,3.0,0.0,5.0,2.5,11.51810169544738
16015,2010-11-08,0,0,11,8,10.0,0.0,1.4285714285714286,0.7857142857142857,3.7796447300922082
17021,2010-11-09,0,1,11,9,0.0,0.0,0.0,0.0,0.0
11001,2010-11-09,16,1,11,9,0.0,0.0,21.0,11.714285714285714,22.007574453658776
16225,2010-11-09,0,1,11,9,10.0,0.0,1.4285714285714286,0.7142857142857143,3.7796447300921634
16033,2010-11-09,0,1,11,9,0.0,0.0,34.285714285714285,17.142857142857142,58.55400437691203
16216,2010-11-09,0,1,11,9,0.0,0.0,0.7142857142857143,1.7857142857142858,1.88982236504609
10080,2010-11-09,0,1,11,9,0.0,0.0,0.0,0.0,0.0
16254,2010-11-09,0,1,11,9,0.0,0.0,0.0,0.21428571428571427,0.0
17001,2010-11-09,0,1,11,9,0.0,0.0,0.0,0.0,0.0
16045,2010-11-09,0,1,11,9,0.0,0.0,0.0,0.0,0.0
16048,2010-11-09,0,1,11,9,0.0,0.0,0.0,0.0,0.0
16218,2010-11-09,0,1,11,9,0.0,0.0,0.0,0.0,0.0
16212,2010-11-09,0,1,11,9,0.0,0.0,0.0,0.8571428571428571,0.0
16238,2010-11-09,0,1,11,9,28.0,0.0,4.285714285714286,2.142857142857143,10.483547200483331
17038,2010-11-09,0,1,11,9,0.0,0.0,0.14285714285714285,0.07142857142857142,0.37796447300922925
15034,2010-11-09,0,1,11,9,0.0,0.0,17.285714285714285,8.642857142857142,36.270806836510154
16011,2010-11-09,0,1,11,9,0.0,0.0,6.857142857142857,5.142857142857143,18.142294704442893
16008,2010-11-09,0,1,11,9,0.0,0.0,1.7142857142857142,0.8571428571428571,4.535573676110723
16235,2010-11-09,0,1,11,9,4.0,1.0,33.714285714285715,12.714285714285714,71.20326370261942
10135,2010-11-09,13,1,11,9,0.0,20.0,23.571428571428573,14.714285714285714,35.17507234229513
10133,2010-11-09,0,1,11,9,0.0,20.0,0.8571428571428571,2.642857142857143,2.26778683805533
16012,2010-11-09,48,1,11,9,72.0,0.0,17.142857142857142,10.285714285714286,30.085592185344414
16046,2010-11-09,0,1,11,9,0.0,0.0,0.2857142857142857,7.071428571428571,0.7559289460182529
15036,2010-11-09,0,1,11,9,42.0,4.0,33.57142857142857,113.78571428571429,52.114800018348134
16237,2010-11-09,150,1,11,9,1.0,183.0,35.857142857142854,36.357142857142854,53.91792704790176
16219,2010-11-09,0,1,11,9,0.0,0.0,0.14285714285714285,0.07142857142857142,0.377964473009311
10002,2010-11-09,0,1,11,9,0.0,37.0,19.0,14.142857142857142,31.984371183438874
16015,2010-11-09,0,1,11,9,0.0,0.0,1.4285714285714286,0.7142857142857143,3.7796447300922082
10120,2010-11-09,0,1,11,9,0.0,0.0,2.5714285714285716,1.7142857142857142,4.540820148282436
10134,2010-11-09,0,1,11,9,2.0,0.0,3.857142857142857,1.9285714285714286,9.352870707766169
16014,2010-11-09,1,1,11,9,0.0,0.0,1.5714285714285714,286.5,3.7352886035848036
16259,2010-11-09,0,1,11,9,0.0,0.0,15.428571428571429,7.714285714285714,40.82016308499652
16236,2010-11-09,0,1,11,9,0.0,0.0,0.5714285714285714,0.7857142857142857,1.5118578920369434
16052,2010-11-09,0,1,11,9,0.0,0.0,3.4285714285714284,1.7142857142857142,9.071147352221454
16053,2010-11-09,0,1,11,9,0.0,0.0,6.857142857142857,3.4285714285714284,18.14229470444077
17003,2010-11-09,252,1,11,9,44.0,3.0,1015.5714285714286,510.57142857142856,2522.176299491034
16010,2010-11-09,0,1,11,9,0.0,0.0,0.0,0.0,0.0
15039,2010-11-09,0,1,11,9,1.0,0.0,5.0,2.5,11.51810169544738
16016,2010-11-09,0,1,11,9,0.0,0.0,1.4285714285714286,0.7142857142857143,3.779644730092263
10125,2010-11-09,20,1,11,9,0.0,0.0,8.857142857142858,6.5,15.983622570499794
16010,2010-11-10,0,2,11,10,0.0,0.0,0.0,0.0,0.0
16011,2010-11-10,24,2,11,10,0.0,0.0,10.285714285714286,6.857142857142857,18.883099019266623
16236,2010-11-10,57,2,11,10,0.0,4.0,8.142857142857142,4.785714285714286,21.54397496152595
17038,2010-11-10,0,2,11,10,0.0,0.0,0.14285714285714285,0.07142857142857142,0.37796447300922925
16048,2010-11-10,0,2,11,10,0.0,0.0,0.0,0.0,0.0
10002,2010-11-10,0,2,11,10,0.0,0.0,19.0,13.857142857142858,31.984371183438874
16212,2010-11-10,0,2,11,10,0.0,0.0,0.0,0.8571428571428571,0.0
15039,2010-11-10,6,2,11,10,0.0,0.0,5.857142857142857,2.9285714285714284,11.305287427107944
16237,2010-11-10,2,2,11,10,150.0,41.0,30.285714285714285,36.42857142857143,55.2953110902853
16216,2010-11-10,0,2,11,10,0.0,5.0,0.0,1.7857142857142858,0.0
16015,2010-11-10,0,2,11,10,0.0,0.0,1.4285714285714286,0.7142857142857143,3.7796447300922082
17001,2010-11-10,36,2,11,10,0.0,0.0,5.142857142857143,2.5714285714285716,13.606721028332071
16235,2010-11-10,0,2,11,10,0.0,20.0,30.857142857142858,12.714285714285714,72.23902124528121
16046,2010-11-10,71,2,11,10,0.0,2.0,10.142857142857142,12.142857142857142,26.835477583655127
10125,2010-11-10,0,2,11,10,20.0,41.0,3.0,6.5,7.505553499465138
11001,2010-11-10,0,2,11,10,16.0,16.0,18.714285714285715,11.714285714285714,23.400244198970018
16254,2010-11-10,0,2,11,10,0.0,0.0,0.0,0.21428571428571427,0.0
16012,2010-11-10,0,2,11,10,48.0,0.0,17.142857142857142,10.285714285714286,30.085592185344414
10134,2010-11-10,0,2,11,10,0.0,0.0,3.857142857142857,1.9285714285714286,9.352870707766169
10135,2010-11-10,0,2,11,10,13.0,30.0,19.285714285714285,14.642857142857142,36.07729796660789
16016,2010-11-10,0,2,11,10,0.0,0.0,1.4285714285714286,0.7142857142857143,3.779644730092263
16219,2010-11-10,12,2,11,10,0.0,0.0,1.8571428571428572,0.9285714285714286,4.48807944925858
16052,2010-11-10,1,2,11,10,0.0,0.0,3.5714285714285716,1.7857142857142858,9.015859043136949
17003,2010-11-10,72,2,11,10,252.0,9.0,1024.5714285714287,513.1428571428571,2518.094971543823
16045,2010-11-10,0,2,11,10,0.0,0.0,0.0,0.0,0.0
16053,2010-11-10,0,2,11,10,0.0,0.0,6.857142857142857,3.4285714285714284,18.14229470444077
17021,2010-11-10,23,2,11,10,0.0,0.0,3.2857142857142856,1.6428571428571428,8.693182879212776
10133,2010-11-10,0,2,11,10,0.0,6.0,0.0,2.642857142857143,0.0
10080,2010-11-10,0,2,11,10,0.0,0.0,0.0,0.0,0.0
16218,2010-11-10,0,2,11,10,0.0,0.0,0.0,0.0,0.0
16008,2010-11-10,0,2,11,10,0.0,0.0,1.7142857142857142,0.8571428571428571,4.535573676110723
10120,2010-11-10,0,2,11,10,0.0,5.0,1.8571428571428572,1.7142857142857142,4.488079449258586
16259,2010-11-10,0,2,11,10,0.0,0.0,15.428571428571429,7.714285714285714,40.82016308499652
15034,2010-11-10,0,2,11,10,0.0,0.0,17.285714285714285,8.642857142857142,36.270806836510154
15036,2010-11-10,18,2,11,10,0.0,23.0,32.857142857142854,26.214285714285715,52.31771074065546
16033,2010-11-10,0,2,11,10,0.0,0.0,34.285714285714285,17.142857142857142,58.55400437691203
16238,2010-11-10,0,2,11,10,0.0,0.0,4.285714285714286,2.142857142857143,10.483547200483331
16225,2010-11-10,1,2,11,10,0.0,0.0,1.5714285714285714,0.7857142857142857,3.7352886036262487
16014,2010-11-10,0,2,11,10,1.0,0.0,1.5714285714285714,286.5,3.7352886035848036
17038,2010-11-11,1,3,11,11,0.0,0.0,0.2857142857142857,0.14285714285714285,0.48795003647426965
17003,2010-11-11,36,3,11,11,72.0,6732.0,68.0,515.7142857142857,83.80930735903033
16053,2010-11-11,0,3,11,11,0.0,0.0,6.857142857142857,3.4285714285714284,18.14229470444077
10080,2010-11-11,0,3,11,11,0.0,0.0,0.0,0.0,0.0
15036,2010-11-11,55,3,11,11,18.0,146.0,19.857142857142858,24.142857142857142,22.09395521727368
17021,2010-11-11,0,3,11,11,23.0,0.0,3.2857142857142856,1.6428571428571428,8.693182879212776
16235,2010-11-11,1,3,11,11,0.0,194.0,3.2857142857142856,12.785714285714286,6.651172470932946
16219,2010-11-11,0,3,11,11,12.0,1.0,1.7142857142857142,0.9285714285714286,4.535573676110732
16052,2010-11-11,0,3,11,11,1.0,0.0,3.5714285714285716,1.7857142857142858,9.015859043136949
16225,2010-11-11,4,3,11,11,1.0,0.0,2.142857142857143,1.0714285714285714,3.7606990231679442
10135,2010-11-11,20,3,11,11,0.0,12.0,20.428571428571427,16.071428571428573,35.93446415748669
17001,2010-11-11,0,3,11,11,36.0,0.0,5.142857142857143,2.5714285714285716,13.606721028332071
16008,2010-11-11,2,3,11,11,0.0,12.0,0.2857142857142857,1.0,0.7559289460184282
15039,2010-11-11,0,3,11,11,6.0,31.0,1.4285714285714286,2.9285714285714284,2.299068134204702
16212,2010-11-11,0,3,11,11,0.0,0.0,0.0,0.8571428571428571,0.0
16238,2010-11-11,2,3,11,11,0.0,0.0,4.571428571428571,2.2857142857142856,10.373960074101289
16015,2010-11-11,0,3,11,11,0.0,0.0,1.4285714285714286,0.7142857142857143,3.7796447300922082
16010,2010-11-11,0,3,11,11,0.0,0.0,0.0,0.0,0.0
16016,2010-11-11,0,3,11,11,0.0,0.0,1.4285714285714286,0.7142857142857143,3.779644730092263
10133,2010-11-11,0,3,11,11,0.0,0.0,0.0,2.642857142857143,0.0
16216,2010-11-11,0,3,11,11,0.0,0.0,0.0,1.7857142857142858,0.0
16218,2010-11-11,0,3,11,11,0.0,0.0,0.0,0.0,0.0
16045,2010-11-11,0,3,11,11,0.0,0.0,0.0,0.0,0.0
16259,2010-11-11,0,3,11,11,0.0,0.0,15.428571428571429,7.714285714285714,40.82016308499652
16012,2010-11-11,0,3,11,11,0.0,0.0,17.142857142857142,10.285714285714286,30.085592185344414
11001,2010-11-11,16,3,11,11,0.0,19.0,18.285714285714285,12.857142857142858,23.421601750764825
16048,2010-11-11,0,3,11,11,0.0,0.0,0.0,0.0,0.0
16236,2010-11-11,3,3,11,11,57.0,0.0,8.571428571428571,5.0,21.384239857561322
16046,2010-11-11,0,3,11,11,71.0,0.0,10.142857142857142,5.285714285714286,26.835477583655127
10134,2010-11-11,0,3,11,11,0.0,0.0,3.857142857142857,1.9285714285714286,9.352870707766169
16033,2010-11-11,0,3,11,11,0.0,120.0,17.142857142857142,17.142857142857142,45.35573676110729
10002,2010-11-11,4,3,11,11,0.0,12.0,17.857142857142858,14.142857142857142,32.416192308929794
16237,2010-11-11,2,3,11,11,2.0,46.0,24.0,36.57142857142857,55.710561536091774
15034,2010-11-11,0,3,11,11,0.0,97.0,3.4285714285714284,8.642857142857142,9.071147352221672
10125,2010-11-11,1,3,11,11,0.0,1.0,3.0,6.571428571428571,7.505553499465138
16014,2010-11-11,0,3,11,11,0.0,0.0,1.5714285714285714,286.5,3.7352886035848036
10120,2010-11-11,0,3,11,11,0.0,1.0,1.7142857142857142,1.7142857142857142,4.535573676110738
16011,2010-11-11,0,3,11,11,24.0,48.0,3.4285714285714284,6.857142857142857,9.071147352221416
16254,2010-11-11,0,3,11,11,0.0,0.0,0.0,0.21428571428571427,0.0
16238,2010-11-12,11,4,11,12,2.0,2.0,5.857142857142857,3.0714285714285716,10.558228567150383
16048,2010-11-12,0,4,11,12,0.0,0.0,0.0,0.0,0.0
15036,2010-11-12,15,4,11,12,55.0,24.0,18.571428571428573,23.928571428571427,22.07454901658813
16016,2010-11-12,0,4,11,12,0.0,0.0,1.4285714285714286,0.7142857142857143,3.779644730092263
10135,2010-11-12,5,4,11,12,20.0,10.0,19.714285714285715,15.714285714285714,36.224827056013346
16225,2010-11-12,6,4,11,12,4.0,0.0,3.0,1.5,3.872983346207313
11001,2010-11-12,0,4,11,12,16.0,32.0,13.714285714285714,12.857142857142858,23.421601750764836
16235,2010-11-12,25,4,11,12,1.0,0.0,6.857142857142857,14.5,10.302565561201636
17021,2010-11-12,0,4,11,12,0.0,0.0,3.2857142857142856,1.6428571428571428,8.693182879212776
10080,2010-11-12,0,4,11,12,0.0,0.0,0.0,0.0,0.0
10134,2010-11-12,1,4,11,12,0.0,0.0,4.0,2.0,9.291573243177567
16237,2010-11-12,19,4,11,12,2.0,1.0,26.571428571428573,33.642857142857146,54.88125710069314
16014,2010-11-12,5,4,11,12,0.0,0.0,2.2857142857142856,1.1428571428571428,3.860668582571089
15034,2010-11-12,0,4,11,12,0.0,24.0,0.0,8.642857142857142,0.0
16012,2010-11-12,0,4,11,12,0.0,0.0,17.142857142857142,10.285714285714286,30.085592185344414
16046,2010-11-12,0,4,11,12,0.0,0.0,10.142857142857142,5.285714285714286,26.835477583655127
15039,2010-11-12,0,4,11,12,0.0,0.0,1.4285714285714286,2.9285714285714284,2.299068134204702
16236,2010-11-12,9,4,11,12,3.0,0.0,9.857142857142858,5.642857142857143,21.050958580142073
17003,2010-11-12,0,4,11,12,36.0,36.0,62.857142857142854,515.7142857142857,87.13864158422068
16219,2010-11-12,0,4,11,12,0.0,0.0,1.7142857142857142,0.9285714285714286,4.535573676110732
16216,2010-11-12,50,4,11,12,0.0,0.0,7.142857142857143,5.357142857142857,18.898223650461357
16045,2010-11-12,0,4,11,12,0.0,0.0,0.0,0.0,0.0
16254,2010-11-12,0,4,11,12,0.0,0.0,0.0,0.21428571428571427,0.0
16011,2010-11-12,0,4,11,12,0.0,0.0,3.4285714285714284,6.857142857142857,9.071147352221416
10133,2010-11-12,0,4,11,12,0.0,0.0,0.0,2.642857142857143,0.0
16008,2010-11-12,0,4,11,12,2.0,0.0,0.2857142857142857,1.0,0.7559289460184282
10125,2010-11-12,0,4,11,12,1.0,0.0,3.0,5.142857142857143,7.505553499465138
16218,2010-11-12,0,4,11,12,0.0,0.0,0.0,0.0,0.0
16052,2010-11-12,0,4,11,12,0.0,24.0,0.14285714285714285,1.7857142857142858,0.37796447300926067
10002,2010-11-12,0,4,11,12,4.0,36.0,12.714285714285714,12.428571428571429,31.90984323430767
16033,2010-11-12,120,4,11,12,0.0,0.0,34.285714285714285,25.714285714285715,58.55400437691203
17001,2010-11-12,0,4,11,12,0.0,0.0,5.142857142857143,2.5714285714285716,13.606721028332071
16259,2010-11-12,0,4,11,12,0.0,0.0,15.428571428571429,7.714285714285714,40.82016308499652
16053,2010-11-12,0,4,11,12,0.0,0.0,6.857142857142857,3.4285714285714284,18.14229470444077
16015,2010-11-12,5,4,11,12,0.0,0.0,2.142857142857143,1.0714285714285714,3.9339789623471533
17038,2010-11-12,0,4,11,12,1.0,1.0,0.14285714285714285,0.14285714285714285,0.3779644730092292
16212,2010-11-12,1,4,11,12,0.0,0.0,0.14285714285714285,0.9285714285714286,0.37796447300912567
16010,2010-11-12,0,4,11,12,0.0,0.0,0.0,0.0,0.0
10120,2010-11-12,0,4,11,12,0.0,0.0,1.7142857142857142,1.7142857142857142,4.535573676110738
16225,2010-11-13,0,5,11,13,6.0,0.0,3.0,1.5,3.872983346207313
10125,2010-11-13,0,5,11,13,0.0,0.0,3.0,5.142857142857143,7.505553499465138
16237,2010-11-13,0,5,11,13,19.0,0.0,26.571428571428573,33.642857142857146,54.88125710069314
16219,2010-11-13,0,5,11,13,0.0,0.0,1.7142857142857142,0.9285714285714286,4.535573676110732
16259,2010-11-13,0,5,11,13,0.0,0.0,15.428571428571429,7.714285714285714,40.82016308499652
16236,2010-11-13,0,5,11,13,9.0,0.0,9.857142857142858,5.642857142857143,21.050958580142073
17003,2010-11-13,0,5,11,13,0.0,0.0,62.857142857142854,515.7142857142857,87.13864158422068
16033,2010-11-13,0,5,11,13,120.0,0.0,34.285714285714285,25.714285714285715,58.55400437691203
16015,2010-11-13,0,5,11,13,5.0,0.0,2.142857142857143,1.0714285714285714,3.9339789623471533
10135,2010-11-13,0,5,11,13,5.0,0.0,19.714285714285715,15.714285714285714,36.224827056013346
11001,2010-11-13,0,5,11,13,0.0,0.0,13.714285714285714,12.857142857142858,23.421601750764836
15034,2010-11-13,0,5,11,13,0.0,0.0,0.0,8.642857142857142,0.0
16216,2010-11-13,0,5,11,13,50.0,0.0,7.142857142857143,5.357142857142857,18.898223650461357
10120,2010-11-13,0,5,11,13,0.0,0.0,1.7142857142857142,1.7142857142857142,4.535573676110738
15036,2010-11-13,0,5,11,13,15.0,0.0,18.571428571428573,23.928571428571427,22.07454901658813
16238,2010-11-13,0,5,11,13,11.0,0.0,5.857142857142857,3.0714285714285716,10.558228567150383
16053,2010-11-13,0,5,11,13,0.0,0.0,6.857142857142857,3.4285714285714284,18.14229470444077
17038,2010-11-13,0,5,11,13,0.0,0.0,0.14285714285714285,0.14285714285714285,0.3779644730092292
10080,2010-11-13,0,5,11,13,0.0,0.0,0.0,0.0,0.0
16045,2010-11-13,0,5,11,13,0.0,0.0,0.0,0.0,0.0
10133,2010-11-13,0,5,11,13,0.0,0.0,0.0,2.642857142857143,0.0
17021,2010-11-13,0,5,11,13,0.0,0.0,3.2857142857142856,1.6428571428571428,8.693182879212776
16008,2010-11-13,0,5,11,13,0.0,0.0,0.2857142857142857,1.0,0.7559289460184282
16052,2010-11-13,0,5,11,13,0.0,0.0,0.14285714285714285,1.7857142857142858,0.37796447300926067
16014,2010-11-13,0,5,11,13,5.0,0.0,2.2857142857142856,1.1428571428571428,3.8606685825710896
16218,2010-11-13,0,5,11,13,0.0,0.0,0.0,0.0,0.0
16012,2010-11-13,0,5,11,13,0.0,0.0,17.142857142857142,10.285714285714286,30.085592185344414
16235,2010-11-13,0,5,11,13,25.0,0.0,6.857142857142857,14.5,10.302565561201636
16016,2010-11-13,0,5,11,13,0.0,0.0,1.4285714285714286,0.7142857142857143,3.779644730092263
16010,2010-11-13,0,5,11,13,0.0,0.0,0.0,0.0,0.0
17001,2010-11-13,0,5,11,13,0.0,0.0,5.142857142857143,2.5714285714285716,13.606721028332071
10002,2010-11-13,0,5,11,13,0.0,0.0,12.714285714285714,12.428571428571429,31.90984323430767
16011,2010-11-13,0,5,11,13,0.0,0.0,3.4285714285714284,6.857142857142857,9.071147352221416
16046,2010-11-13,0,5,11,13,0.0,0.0,10.142857142857142,5.285714285714286,26.835477583655127
16048,2010-11-13,0,5,11,13,0.0,0.0,0.0,0.0,0.0
16254,2010-11-13,0,5,11,13,0.0,0.0,0.0,0.21428571428571427,0.0
15039,2010-11-13,0,5,11,13,0.0,0.0,1.4285714285714286,2.9285714285714284,2.299068134204702
10133,2010-11-14,0,6,11,14,0.0,0.0,0.0,1.9285714285714286,0.0
16053,2010-11-14,0,6,11,14,0.0,48.0,0.0,3.4285714285714284,0.0
16254,2010-11-14,0,6,11,14,0.0,0.0,0.0,0.0,0.0
16238,2010-11-14,3,6,11,14,0.0,0.0,6.285714285714286,3.2857142857142856,10.33947590087437
16016,2010-11-14,0,6,11,14,0.0,10.0,0.0,0.7142857142857143,0.0
15036,2010-11-14,0,6,11,14,0.0,0.0,18.571428571428573,23.928571428571427,22.07454901658813
16216,2010-11-14,0,6,11,14,0.0,0.0,7.142857142857143,3.9285714285714284,18.898223650461357
16011,2010-11-14,8,6,11,14,0.0,0.0,4.571428571428571,7.428571428571429,9.07114735222142
16008,2010-11-14,0,6,11,14,0.0,0.0,0.2857142857142857,1.0,0.7559289460184282
10080,2010-11-14,0,6,11,14,0.0,0.0,0.0,0.0,0.0
15034,2010-11-14,0,6,11,14,0.0,0.0,0.0,8.642857142857142,0.0
16046,2010-11-14,0,6,11,14,0.0,0.0,10.142857142857142,5.214285714285714,26.835477583655127
16014,2010-11-14,0,6,11,14,0.0,10.0,0.8571428571428571,1.1428571428571428,1.864454471388357
17001,2010-11-14,0,6,11,14,0.0,0.0,5.142857142857143,2.5714285714285716,13.606721028332071
16225,2010-11-14,0,6,11,14,0.0,0.0,3.0,1.5,3.872983346207313
16012,2010-11-14,0,6,11,14,0.0,0.0,17.142857142857142,10.285714285714286,30.085592185344414
16052,2010-11-14,0,6,11,14,0.0,0.0,0.14285714285714285,1.7857142857142858,0.37796447300926067
10120,2010-11-14,0,6,11,14,0.0,12.0,0.0,1.2857142857142858,0.0
16218,2010-11-14,0,6,11,14,0.0,0.0,0.0,0.0,0.0
17038,2010-11-14,0,6,11,14,0.0,0.0,0.14285714285714285,0.14285714285714285,0.3779644730092292
17021,2010-11-14,0,6,11,14,0.0,0.0,3.2857142857142856,1.6428571428571428,8.693182879212776
16033,2010-11-14,0,6,11,14,0.0,120.0,17.142857142857142,25.714285714285715,45.35573676110729
10002,2010-11-14,0,6,11,14,0.0,85.0,0.5714285714285714,12.428571428571429,1.5118578920358423
16045,2010-11-14,0,6,11,14,0.0,0.0,0.0,0.0,0.0
16236,2010-11-14,3,6,11,14,0.0,0.0,10.285714285714286,5.428571428571429,20.8463768691691
16235,2010-11-14,10,6,11,14,0.0,18.0,5.714285714285714,15.214285714285714,9.250482612892663
11001,2010-11-14,16,6,11,14,0.0,64.0,6.857142857142857,12.857142857142858,8.552359741197732
17003,2010-11-14,144,6,11,14,0.0,36.0,78.28571428571429,526.0,91.06355708279708
16010,2010-11-14,0,6,11,14,0.0,0.0,0.0,0.0,0.0
16015,2010-11-14,0,6,11,14,0.0,10.0,0.7142857142857143,1.0714285714285714,1.8898223650460104
16048,2010-11-14,0,6,11,14,0.0,0.0,0.0,0.0,0.0
10135,2010-11-14,20,6,11,14,0.0,100.0,8.285714285714286,16.428571428571427,9.250482612891554
16219,2010-11-14,0,6,11,14,0.0,0.0,1.7142857142857142,0.9285714285714286,4.535573676110732
16237,2010-11-14,4,6,11,14,0.0,12.0,25.428571428571427,33.07142857142857,55.31683632450777
10125,2010-11-14,0,6,11,14,0.0,0.0,3.0,4.5,7.505553499465138
15039,2010-11-14,0,6,11,14,0.0,3.0,1.0,2.9285714285714284,2.2360679775000607
16259,2010-11-14,0,6,11,14,0.0,108.0,0.0,7.714285714285714,0.0
16014,2010-11-15,0,0,11,15,0.0,0.0,0.8571428571428571,1.1428571428571428,1.864454471388357
16010,2010-11-15,0,0,11,15,0.0,0.0,0.0,0.0,0.0
16008,2010-11-15,4,0,11,15,0.0,0.0,0.8571428571428571,1.2857142857142858,1.5735915849388742
16011,2010-11-15,0,0,11,15,8.0,0.0,4.571428571428571,5.714285714285714,9.07114735222142
10125,2010-11-15,3,0,11,15,0.0,0.0,3.4285714285714284,4.714285714285714,7.3904700539984365
17001,2010-11-15,0,0,11,15,0.0,0.0,5.142857142857143,2.5714285714285716,13.606721028332071
17003,2010-11-15,108,0,11,15,144.0,44.0,87.42857142857143,533.7142857142857,90.25677655603555
16259,2010-11-15,0,0,11,15,0.0,0.0,0.0,7.714285714285714,0.0
16015,2010-11-15,0,0,11,15,0.0,0.0,0.7142857142857143,1.0714285714285714,1.8898223650460104
16225,2010-11-15,2,0,11,15,0.0,10.0,1.8571428571428572,1.6428571428571428,2.3401261667247044
16219,2010-11-15,0,0,11,15,0.0,0.0,1.7142857142857142,0.9285714285714286,4.535573676110732
16052,2010-11-15,0,0,11,15,0.0,0.0,0.14285714285714285,1.7857142857142858,0.37796447300926067
16218,2010-11-15,0,0,11,15,0.0,0.0,0.0,0.0,0.0
10120,2010-11-15,0,0,11,15,0.0,0.0,0.0,1.2857142857142858,0.0
17038,2010-11-15,0,0,11,15,0.0,0.0,0.14285714285714285,0.14285714285714285,0.3779644730092292
16237,2010-11-15,33,0,11,15,4.0,1.0,30.0,35.285714285714285,54.2739962290107
17021,2010-11-15,6,0,11,15,0.0,0.0,4.142857142857143,2.0714285714285716,8.610624666240344
16048,2010-11-15,0,0,11,15,0.0,0.0,0.0,0.0,0.0
16033,2010-11-15,0,0,11,15,0.0,0.0,17.142857142857142,25.714285714285715,45.35573676110729
16235,2010-11-15,69,0,11,15,10.0,4.0,15.0,24.428571428571427,25.534290669607415
10002,2010-11-15,0,0,11,15,0.0,0.0,0.5714285714285714,12.428571428571429,1.5118578920358423
16053,2010-11-15,0,0,11,15,0.0,0.0,0.0,3.4285714285714284,0.0
16012,2010-11-15,0,0,11,15,0.0,72.0,6.857142857142857,8.571428571428571,18.142294704442904
10133,2010-11-15,0,0,11,15,0.0,0.0,0.0,1.8571428571428572,0.0
16045,2010-11-15,0,0,11,15,0.0,0.0,0.0,0.0,0.0
16046,2010-11-15,0,0,11,15,0.0,0.0,10.142857142857142,5.214285714285714,26.835477583655127
16216,2010-11-15,0,0,11,15,0.0,0.0,7.142857142857143,3.9285714285714284,18.898223650461357
16254,2010-11-15,2,0,11,15,0.0,0.0,0.2857142857142857,0.14285714285714285,0.7559289460184545
15034,2010-11-15,24,0,11,15,0.0,0.0,3.4285714285714284,10.357142857142858,9.071147352221672
10135,2010-11-15,6,0,11,15,20.0,0.0,9.142857142857142,16.857142857142858,8.610624666238659
15036,2010-11-15,45,0,11,15,0.0,42.0,19.0,26.571428571428573,22.627416997970354
16016,2010-11-15,0,0,11,15,0.0,0.0,0.0,0.7142857142857143,0.0
16238,2010-11-15,3,0,11,15,3.0,28.0,2.7142857142857144,3.5,3.903600291794131
15039,2010-11-15,6,0,11,15,0.0,1.0,1.7142857142857142,3.357142857142857,2.9277002188458043
11001,2010-11-15,32,0,11,15,16.0,0.0,11.428571428571429,15.071428571428571,12.09486313629536
16236,2010-11-15,4,0,11,15,3.0,0.0,10.857142857142858,5.714285714285714,20.57043648401407
10080,2010-11-15,0,0,11,15,0.0,0.0,0.0,0.0,0.0
16235,2010-11-16,111,1,11,16,69.0,0.0,30.857142857142858,32.285714285714285,43.094580368566724
16216,2010-11-16,0,1,11,16,0.0,0.0,7.142857142857143,3.9285714285714284,18.898223650461357
16218,2010-11-16,82,1,11,16,0.0,0.0,11.714285714285714,5.857142857142857,30.99308678675664
10120,2010-11-16,0,1,11,16,0.0,0.0,0.0,1.2857142857142858,0.0
17038,2010-11-16,0,1,11,16,0.0,0.0,0.14285714285714285,0.14285714285714285,0.3779644730092292
16016,2010-11-16,0,1,11,16,0.0,0.0,0.0,0.7142857142857143,0.0
15034,2010-11-16,1,1,11,16,24.0,0.0,3.5714285714285716,10.428571428571429,9.015859043137167
17001,2010-11-16,0,1,11,16,0.0,0.0,5.142857142857143,2.5714285714285716,13.606721028332071
16053,2010-11-16,50,1,11,16,0.0,0.0,7.142857142857143,7.0,18.898223650459308
16236,2010-11-16,30,1,11,16,4.0,0.0,15.142857142857142,7.857142857142857,21.05095858014207
16048,2010-11-16,0,1,11,16,0.0,0.0,0.0,0.0,0.0
10002,2010-11-16,24,1,11,16,0.0,0.0,4.0,11.5,8.94427190999896
17021,2010-11-16,0,1,11,16,6.0,0.0,4.142857142857143,2.0714285714285716,8.610624666240346
16237,2010-11-16,122,1,11,16,33.0,150.0,26.0,30.928571428571427,44.018935319549335
16015,2010-11-16,0,1,11,16,0.0,0.0,0.7142857142857143,1.0714285714285714,1.8898223650460104
16033,2010-11-16,120,1,11,16,0.0,0.0,34.285714285714285,34.285714285714285,58.55400437691203
16219,2010-11-16,24,1,11,16,0.0,0.0,5.142857142857143,2.642857142857143,9.441549509633319
10080,2010-11-16,0,1,11,16,0.0,0.0,0.0,0.0,0.0
16238,2010-11-16,1,1,11,16,3.0,0.0,2.857142857142857,3.5714285714285716,3.8047589248453657
16010,2010-11-16,0,1,11,16,0.0,0.0,0.0,0.0,0.0
16011,2010-11-16,144,1,11,16,0.0,0.0,25.142857142857142,16.0,53.152072933638784
17003,2010-11-16,406,1,11,16,108.0,252.0,109.42857142857143,562.5,141.35871290545245
15036,2010-11-16,240,1,11,16,45.0,0.0,53.285714285714285,43.42857142857143,84.97394558670008
16008,2010-11-16,36,1,11,16,4.0,0.0,6.0,3.857142857142857,13.316656236958783
11001,2010-11-16,32,1,11,16,32.0,16.0,13.714285714285714,17.357142857142858,14.395766573479062
16045,2010-11-16,100,1,11,16,0.0,0.0,14.285714285714286,7.142857142857143,37.79644730092272
16046,2010-11-16,0,1,11,16,0.0,0.0,10.142857142857142,5.214285714285714,26.835477583655127
16259,2010-11-16,0,1,11,16,0.0,0.0,0.0,7.714285714285714,0.0
10133,2010-11-16,10,1,11,16,0.0,0.0,1.4285714285714286,1.1428571428571428,3.779644730092252
16012,2010-11-16,48,1,11,16,0.0,48.0,6.857142857142857,12.0,18.142294704442904
16014,2010-11-16,0,1,11,16,0.0,1.0,0.7142857142857143,1.1428571428571428,1.8898223649640018
10135,2010-11-16,11,1,11,16,6.0,13.0,8.857142857142858,16.214285714285715,8.493695140681561
15039,2010-11-16,7,1,11,16,6.0,0.0,2.7142857142857144,3.857142857142857,3.4016802570832185
16225,2010-11-16,0,1,11,16,2.0,0.0,1.8571428571428572,1.6428571428571428,2.3401261667247044
10125,2010-11-16,0,1,11,16,3.0,20.0,0.5714285714285714,4.714285714285714,1.13389341902771
16254,2010-11-16,0,1,11,16,2.0,0.0,0.2857142857142857,0.14285714285714285,0.7559289460184545
16052,2010-11-16,0,1,11,16,0.0,0.0,0.14285714285714285,1.7857142857142858,0.37796447300926067
15039,2010-11-17,0,2,11,17,7.0,6.0,1.8571428571428572,3.857142857142857,3.1847852585156096
16235,2010-11-17,0,2,11,17,111.0,0.0,30.857142857142858,30.857142857142858,43.094580368566724
10120,2010-11-17,2,2,11,17,0.0,0.0,0.2857142857142857,1.0714285714285714,0.7559289460185274
16015,2010-11-17,0,2,11,17,0.0,0.0,0.7142857142857143,1.0714285714285714,1.8898223650460104
16016,2010-11-17,0,2,11,17,0.0,0.0,0.0,0.7142857142857143,0.0
16014,2010-11-17,0,2,11,17,0.0,0.0,0.7142857142857143,1.1428571428571428,1.8898223649640018
10080,2010-11-17,0,2,11,17,0.0,0.0,0.0,0.0,0.0
16259,2010-11-17,0,2,11,17,0.0,0.0,0.0,7.714285714285714,0.0
10002,2010-11-17,304,2,11,17,24.0,0.0,47.42857142857143,33.214285714285715,113.47666007136611
16048,2010-11-17,1,2,11,17,0.0,0.0,0.14285714285714285,0.07142857142857142,0.37796447302191577
16033,2010-11-17,120,2,11,17,120.0,0.0,51.42857142857143,42.857142857142854,64.1426980589819
16219,2010-11-17,0,2,11,17,24.0,12.0,3.4285714285714284,2.642857142857143,9.071147352221455
17003,2010-11-17,900,2,11,17,406.0,72.0,227.71428571428572,626.1428571428571,328.01306594184905
16010,2010-11-17,0,2,11,17,0.0,0.0,0.0,0.0,0.0
11001,2010-11-17,0,2,11,17,32.0,0.0,13.714285714285714,16.214285714285715,14.395766573479062
16237,2010-11-17,31,2,11,17,122.0,2.0,30.142857142857142,30.214285714285715,42.72949243566467
10135,2010-11-17,12,2,11,17,11.0,0.0,10.571428571428571,14.928571428571429,7.568732673684204
16236,2010-11-17,6,2,11,17,30.0,57.0,7.857142857142857,8.0,10.155927192672124
16046,2010-11-17,0,2,11,17,0.0,71.0,0.0,5.071428571428571,0.0
15034,2010-11-17,0,2,11,17,1.0,0.0,3.5714285714285716,10.428571428571429,9.015859043137167
16216,2010-11-17,4,2,11,17,0.0,0.0,7.714285714285714,3.857142857142857,18.705741415532337
16254,2010-11-17,0,2,11,17,0.0,0.0,0.2857142857142857,0.14285714285714285,0.7559289460184545
10125,2010-11-17,20,2,11,17,0.0,0.0,3.4285714285714284,3.2142857142857144,7.3904700539984365
15036,2010-11-17,13,2,11,17,240.0,18.0,52.57142857142857,42.714285714285715,85.34021549628532
10133,2010-11-17,10,2,11,17,10.0,0.0,2.857142857142857,1.4285714285714286,4.87950036474265
16238,2010-11-17,1,2,11,17,1.0,0.0,3.0,3.642857142857143,3.6968455021364703
16008,2010-11-17,0,2,11,17,36.0,0.0,6.0,3.857142857142857,13.316656236958783
17021,2010-11-17,0,2,11,17,0.0,23.0,0.8571428571428571,2.0714285714285716,2.2677868380574977
16012,2010-11-17,0,2,11,17,48.0,0.0,6.857142857142857,12.0,18.142294704442904
17038,2010-11-17,0,2,11,17,0.0,0.0,0.14285714285714285,0.14285714285714285,0.3779644730092292
16052,2010-11-17,0,2,11,17,0.0,1.0,0.0,1.7857142857142858,0.0
16225,2010-11-17,0,2,11,17,0.0,1.0,1.7142857142857142,1.6428571428571428,2.429971585175655
16011,2010-11-17,24,2,11,17,144.0,24.0,25.142857142857142,17.714285714285715,53.152072933638784
16218,2010-11-17,0,2,11,17,82.0,0.0,11.714285714285714,5.857142857142857,30.99308678675664
17001,2010-11-17,0,2,11,17,0.0,36.0,0.0,2.5714285714285716,0.0
15036,2010-11-18,57,3,11,18,13.0,55.0,52.857142857142854,36.357142857142854,85.35304831781285
10120,2010-11-18,0,3,11,18,2.0,0.0,0.2857142857142857,1.0,0.7559289460185274
11001,2010-11-18,0,3,11,18,0.0,16.0,11.428571428571429,14.857142857142858,15.21903569938154
16010,2010-11-18,0,3,11,18,0.0,0.0,0.0,0.0,0.0
16218,2010-11-18,90,3,11,18,0.0,0.0,24.571428571428573,12.285714285714286,42.02720207539059
17001,2010-11-18,0,3,11,18,0.0,0.0,0.0,2.5714285714285716,0.0
16216,2010-11-18,0,3,11,18,4.0,0.0,7.714285714285714,3.857142857142857,18.705741415532337
16237,2010-11-18,37,3,11,18,31.0,2.0,35.142857142857146,29.571428571428573,40.895918995373975
16016,2010-11-18,0,3,11,18,0.0,0.0,0.0,0.7142857142857143,0.0
16012,2010-11-18,0,3,11,18,0.0,0.0,6.857142857142857,12.0,18.142294704442904
16033,2010-11-18,0,3,11,18,120.0,0.0,51.42857142857143,34.285714285714285,64.1426980589819
16236,2010-11-18,28,3,11,18,6.0,3.0,11.428571428571429,10.0,12.326896647266127
16046,2010-11-18,0,3,11,18,0.0,0.0,0.0,5.071428571428571,0.0
10125,2010-11-18,20,3,11,18,20.0,1.0,6.142857142857143,4.571428571428571,9.52940311926848
16011,2010-11-18,0,3,11,18,24.0,0.0,25.142857142857142,14.285714285714286,53.152072933638784
16219,2010-11-18,0,3,11,18,0.0,0.0,3.4285714285714284,2.5714285714285716,9.071147352221455
16048,2010-11-18,96,3,11,18,1.0,0.0,13.857142857142858,6.928571428571429,36.223512490409696
17021,2010-11-18,0,3,11,18,0.0,0.0,0.8571428571428571,2.0714285714285716,2.2677868380574977
16235,2010-11-18,0,3,11,18,0.0,1.0,30.714285714285715,17.0,43.21155048407885
17038,2010-11-18,0,3,11,18,0.0,1.0,0.0,0.14285714285714285,0.0
17003,2010-11-18,36,3,11,18,900.0,36.0,227.71428571428572,147.85714285714286,328.01306594184905
10135,2010-11-18,0,3,11,18,12.0,20.0,7.714285714285714,14.071428571428571,7.181324987173949
16225,2010-11-18,0,3,11,18,0.0,4.0,1.1428571428571428,1.6428571428571428,2.2677868380551818
16052,2010-11-18,0,3,11,18,0.0,0.0,0.0,1.7857142857142858,0.0
16254,2010-11-18,0,3,11,18,0.0,0.0,0.2857142857142857,0.14285714285714285,0.7559289460184545
15034,2010-11-18,96,3,11,18,0.0,0.0,17.285714285714285,10.357142857142858,35.826965104114414
16014,2010-11-18,0,3,11,18,0.0,0.0,0.7142857142857143,1.1428571428571428,1.8898223649640018
16238,2010-11-18,29,3,11,18,1.0,2.0,6.857142857142857,5.714285714285714,10.43118036511323
10080,2010-11-18,0,3,11,18,0.0,0.0,0.0,0.0,0.0
16259,2010-11-18,0,3,11,18,0.0,0.0,0.0,7.714285714285714,0.0
16015,2010-11-18,0,3,11,18,0.0,0.0,0.7142857142857143,1.0714285714285714,1.8898223650460104
16008,2010-11-18,0,3,11,18,0.0,2.0,5.714285714285714,3.0,13.437686875776967
10002,2010-11-18,38,3,11,18,304.0,4.0,52.285714285714285,35.07142857142857,112.02635744281234
10133,2010-11-18,10,3,11,18,10.0,0.0,4.285714285714286,2.142857142857143,5.345224838248473
15039,2010-11-18,2,3,11,18,0.0,0.0,2.142857142857143,1.7857142857142858,3.0783421635990473
15034,2010-11-19,24,4,11,19,96.0,0.0,20.714285714285715,10.357142857142858,35.03671543640231
17003,2010-11-19,36,4,11,19,36.0,0.0,232.85714285714286,147.85714285714286,324.1066843759061
11001,2010-11-19,0,4,11,19,0.0,0.0,11.428571428571429,12.571428571428571,15.21903569938154
16236,2010-11-19,0,4,11,19,28.0,9.0,10.142857142857142,10.0,13.069411762184393
16218,2010-11-19,0,4,11,19,90.0,0.0,24.571428571428573,12.285714285714286,42.02720207539059
15036,2010-11-19,0,4,11,19,57.0,15.0,50.714285714285715,34.642857142857146,86.64047223192789
10135,2010-11-19,0,4,11,19,0.0,5.0,7.0,13.357142857142858,7.7244201508363695
10125,2010-11-19,1,4,11,19,20.0,0.0,6.285714285714286,4.642857142857143,9.428932172031036
16225,2010-11-19,0,4,11,19,0.0,6.0,0.2857142857142857,1.6428571428571428,0.7559289460179045
16052,2010-11-19,0,4,11,19,0.0,0.0,0.0,0.07142857142857142,0.0
16012,2010-11-19,0,4,11,19,0.0,0.0,6.857142857142857,12.0,18.142294704442904
17021,2010-11-19,0,4,11,19,0.0,0.0,0.8571428571428571,2.0714285714285716,2.2677868380574977
17038,2010-11-19,0,4,11,19,0.0,0.0,0.0,0.07142857142857142,0.0
16008,2010-11-19,0,4,11,19,0.0,0.0,5.714285714285714,3.0,13.437686875776967
10133,2010-11-19,0,4,11,19,10.0,0.0,4.285714285714286,2.142857142857143,5.345224838248473
16216,2010-11-19,0,4,11,19,0.0,50.0,0.5714285714285714,3.857142857142857,1.511857892036867
16259,2010-11-19,0,4,11,19,0.0,0.0,0.0,7.714285714285714,0.0
16238,2010-11-19,0,4,11,19,29.0,11.0,5.285714285714286,5.571428571428571,10.53113298295876
16237,2010-11-19,37,4,11,19,37.0,19.0,37.714285714285715,32.142857142857146,40.27287873873386
10080,2010-11-19,0,4,11,19,0.0,0.0,0.0,0.0,0.0
17001,2010-11-19,0,4,11,19,0.0,0.0,0.0,2.5714285714285716,0.0
16011,2010-11-19,0,4,11,19,0.0,0.0,25.142857142857142,14.285714285714286,53.152072933638784
16254,2010-11-19,0,4,11,19,0.0,0.0,0.2857142857142857,0.14285714285714285,0.7559289460184545
10120,2010-11-19,0,4,11,19,0.0,0.0,0.2857142857142857,1.0,0.7559289460185274
16046,2010-11-19,0,4,11,19,0.0,0.0,0.0,5.071428571428571,0.0
10002,2010-11-19,334,4,11,19,38.0,0.0,100.0,56.357142857142854,150.5501024022678
16014,2010-11-19,0,4,11,19,0.0,5.0,0.0,1.1428571428571428,0.0
16016,2010-11-19,0,4,11,19,0.0,0.0,0.0,0.7142857142857143,0.0
15039,2010-11-19,10,4,11,19,2.0,0.0,3.5714285714285716,2.5,4.076646614442903
16010,2010-11-19,0,4,11,19,0.0,0.0,0.0,0.0,0.0
16015,2010-11-19,0,4,11,19,0.0,5.0,0.0,1.0714285714285714,0.0
16235,2010-11-19,0,4,11,19,0.0,25.0,27.142857142857142,17.0,44.76765413937676
16219,2010-11-19,0,4,11,19,0.0,0.0,3.4285714285714284,2.5714285714285716,9.071147352221455
16033,2010-11-19,0,4,11,19,0.0,120.0,34.285714285714285,34.285714285714285,58.55400437691203
16048,2010-11-19,0,4,11,19,96.0,0.0,13.857142857142858,6.928571428571429,36.223512490409696
15039,2010-11-20,0,5,11,20,10.0,0.0,3.5714285714285716,2.5,4.076646614442903
16236,2010-11-20,0,5,11,20,0.0,0.0,10.142857142857142,10.0,13.069411762184393
10125,2010-11-20,0,5,11,20,1.0,0.0,6.285714285714286,4.642857142857143,9.428932172031036
16238,2010-11-20,0,5,11,20,0.0,0.0,5.285714285714286,5.571428571428571,10.53113298295876
16259,2010-11-20,0,5,11,20,0.0,0.0,0.0,7.714285714285714,0.0
15034,2010-11-20,0,5,11,20,24.0,0.0,20.714285714285715,10.357142857142858,35.03671543640231
16048,2010-11-20,0,5,11,20,0.0,0.0,13.857142857142858,6.928571428571429,36.223512490409696
16237,2010-11-20,0,5,11,20,37.0,0.0,37.714285714285715,32.142857142857146,40.27287873873386
16011,2010-11-20,0,5,11,20,0.0,0.0,25.142857142857142,14.285714285714286,53.152072933638784
10002,2010-11-20,0,5,11,20,334.0,0.0,100.0,56.357142857142854,150.5501024022678
10135,2010-11-20,0,5,11,20,0.0,0.0,7.0,13.357142857142858,7.7244201508363695
16046,2010-11-20,0,5,11,20,0.0,0.0,0.0,5.071428571428571,0.0
16254,2010-11-20,0,5,11,20,0.0,0.0,0.2857142857142857,0.14285714285714285,0.7559289460184545
17038,2010-11-20,0,5,11,20,0.0,0.0,0.0,0.07142857142857142,0.0
16010,2010-11-20,0,5,11,20,0.0,0.0,0.0,0.0,0.0
16219,2010-11-20,0,5,11,20,0.0,0.0,3.4285714285714284,2.5714285714285716,9.071147352221455
11001,2010-11-20,0,5,11,20,0.0,0.0,11.428571428571429,12.571428571428571,15.21903569938154
17003,2010-11-20,0,5,11,20,36.0,0.0,232.85714285714286,147.85714285714286,324.1066843759061
17001,2010-11-20,0,5,11,20,0.0,0.0,0.0,2.5714285714285716,0.0
16216,2010-11-20,0,5,11,20,0.0,0.0,0.5714285714285714,3.857142857142857,1.511857892036867
10080,2010-11-20,0,5,11,20,0.0,0.0,0.0,0.0,0.0
16014,2010-11-20,0,5,11,20,0.0,0.0,0.0,1.1428571428571428,0.0
16052,2010-11-20,0,5,11,20,0.0,0.0,0.0,0.07142857142857142,0.0
17021,2010-11-20,0,5,11,20,0.0,0.0,0.8571428571428571,2.0714285714285716,2.2677868380574977
16235,2010-11-20,0,5,11,20,0.0,0.0,27.142857142857142,17.0,44.76765413937676
16016,2010-11-20,0,5,11,20,0.0,0.0,0.0,0.7142857142857143,0.0
10120,2010-11-20,0,5,11,20,0.0,0.0,0.2857142857142857,1.0,0.7559289460185274
16012,2010-11-20,0,5,11,20,0.0,0.0,6.857142857142857,12.0,18.142294704442904
16008,2010-11-20,0,5,11,20,0.0,0.0,5.714285714285714,3.0,13.437686875776967
15036,2010-11-20,0,5,11,20,0.0,0.0,50.714285714285715,34.642857142857146,86.64047223192789
16218,2010-11-20,0,5,11,20,0.0,0.0,24.571428571428573,12.285714285714286,42.02720207539059
10133,2010-11-20,0,5,11,20,0.0,0.0,4.285714285714286,2.142857142857143,5.345224838248473
16033,2010-11-20,0,5,11,20,0.0,0.0,34.285714285714285,34.285714285714285,58.55400437691203
16225,2010-11-20,0,5,11,20,0.0,0.0,0.2857142857142857,1.6428571428571428,0.7559289460179045
16015,2010-11-20,0,5,11,20,0.0,0.0,0.0,1.0714285714285714,0.0
11001,2010-11-21,0,6,11,21,0.0,16.0,9.142857142857142,8.0,15.614401167176606
16237,2010-11-21,127,6,11,21,0.0,4.0,55.285714285714285,40.357142857142854,48.9990281730644
16218,2010-11-21,0,6,11,21,0.0,0.0,24.571428571428573,12.285714285714286,42.02720207539059
17003,2010-11-21,36,6,11,21,0.0,144.0,217.42857142857142,147.85714285714286,331.52720207290093
16048,2010-11-21,0,6,11,21,0.0,0.0,13.857142857142858,6.928571428571429,36.223512490409696
10002,2010-11-21,18,6,11,21,0.0,0.0,102.57142857142857,51.57142857142857,148.69976142421694
16011,2010-11-21,10,6,11,21,0.0,8.0,25.428571428571427,15.0,53.0498417932204
17038,2010-11-21,0,6,11,21,0.0,0.0,0.0,0.07142857142857142,0.0
16235,2010-11-21,10,6,11,21,0.0,10.0,27.142857142857142,16.428571428571427,44.76765413937676
16225,2010-11-21,2,6,11,21,0.0,0.0,0.5714285714285714,1.7857142857142858,0.9759000729481087
16219,2010-11-21,0,6,11,21,0.0,0.0,3.4285714285714284,2.5714285714285716,9.071147352221455
16254,2010-11-21,3,6,11,21,0.0,0.0,0.7142857142857143,0.35714285714285715,1.2535663410560176
10120,2010-11-21,0,6,11,21,0.0,0.0,0.2857142857142857,0.14285714285714285,0.7559289460185274
16259,2010-11-21,0,6,11,21,0.0,0.0,0.0,0.0,0.0
16010,2010-11-21,0,6,11,21,0.0,0.0,0.0,0.0,0.0
17021,2010-11-21,0,6,11,21,0.0,0.0,0.8571428571428571,2.0714285714285716,2.2677868380574977
16033,2010-11-21,120,6,11,21,0.0,0.0,51.42857142857143,34.285714285714285,64.1426980589819
15036,2010-11-21,0,6,11,21,0.0,0.0,50.714285714285715,34.642857142857146,86.64047223192789
16046,2010-11-21,0,6,11,21,0.0,0.0,0.0,5.071428571428571,0.0
16015,2010-11-21,0,6,11,21,0.0,0.0,0.0,0.35714285714285715,0.0
15034,2010-11-21,36,6,11,21,0.0,0.0,25.857142857142858,12.928571428571429,34.11953776273735
16014,2010-11-21,0,6,11,21,0.0,0.0,0.0,0.42857142857142855,0.0
15039,2010-11-21,0,6,11,21,0.0,0.0,3.5714285714285716,2.2857142857142856,4.076646614442903
16052,2010-11-21,24,6,11,21,0.0,0.0,3.4285714285714284,1.7857142857142858,9.071147352221455
16008,2010-11-21,0,6,11,21,0.0,0.0,5.714285714285714,3.0,13.437686875776967
10125,2010-11-21,0,6,11,21,0.0,0.0,6.285714285714286,4.642857142857143,9.428932172031036
16012,2010-11-21,10,6,11,21,0.0,0.0,8.285714285714286,12.714285714285714,17.904508610163766
16216,2010-11-21,90,6,11,21,0.0,0.0,13.428571428571429,10.285714285714286,33.79771758988636
16238,2010-11-21,30,6,11,21,0.0,3.0,9.142857142857142,7.714285714285714,13.945472042071232
10080,2010-11-21,1,6,11,21,0.0,0.0,0.14285714285714285,0.07142857142857142,0.3779644730092272
17001,2010-11-21,0,6,11,21,0.0,0.0,0.0,2.5714285714285716,0.0
10133,2010-11-21,6,6,11,21,0.0,0.0,5.142857142857143,2.5714285714285716,5.0142653642240544
16236,2010-11-21,35,6,11,21,0.0,3.0,14.714285714285714,12.5,15.521106980649344
10135,2010-11-21,2,6,11,21,0.0,20.0,4.428571428571429,6.357142857142857,5.287001130353677
16016,2010-11-21,0,6,11,21,0.0,0.0,0.0,0.0,0.0
16052,2010-11-22,0,0,11,22,24.0,0.0,3.4285714285714284,1.7857142857142858,9.071147352221455
17038,2010-11-22,0,0,11,22,0.0,0.0,0.0,0.07142857142857142,0.0
16225,2010-11-22,0,0,11,22,2.0,2.0,0.2857142857142857,1.0714285714285714,0.7559289460179045
16014,2010-11-22,0,0,11,22,0.0,0.0,0.0,0.42857142857142855,0.0
16015,2010-11-22,0,0,11,22,0.0,0.0,0.0,0.35714285714285715,0.0
16011,2010-11-22,0,0,11,22,10.0,0.0,25.428571428571427,15.0,53.0498417932204
16237,2010-11-22,15,0,11,22,127.0,33.0,52.714285714285715,41.357142857142854,50.802605857423885
17001,2010-11-22,0,0,11,22,0.0,0.0,0.0,2.5714285714285716,0.0
15039,2010-11-22,1,0,11,22,0.0,6.0,2.857142857142857,2.2857142857142856,4.017817460121641
16016,2010-11-22,0,0,11,22,0.0,0.0,0.0,0.0,0.0
16046,2010-11-22,0,0,11,22,0.0,0.0,0.0,5.071428571428571,0.0
10125,2010-11-22,20,0,11,22,0.0,3.0,8.714285714285714,6.071428571428571,10.562737740350679
10120,2010-11-22,5,0,11,22,0.0,0.0,1.0,0.5,1.9148542155127044
16008,2010-11-22,0,0,11,22,0.0,4.0,5.142857142857143,3.0,13.60672102833218
16012,2010-11-22,24,0,11,22,10.0,0.0,11.714285714285714,9.285714285714286,18.34588315048988
16216,2010-11-22,0,0,11,22,90.0,0.0,13.428571428571429,10.285714285714286,33.79771758988636
16235,2010-11-22,2,0,11,22,10.0,69.0,17.571428571428573,16.285714285714285,41.35963065138576
10002,2010-11-22,24,0,11,22,18.0,0.0,106.0,53.285714285714285,146.19621518128753
10135,2010-11-22,4,0,11,22,2.0,6.0,4.142857142857143,6.642857142857143,5.241773600239767
16238,2010-11-22,8,0,11,22,30.0,3.0,9.857142857142858,6.285714285714286,13.704361488574495
16033,2010-11-22,0,0,11,22,120.0,0.0,51.42857142857143,34.285714285714285,64.1426980589819
11001,2010-11-22,2,0,11,22,0.0,32.0,4.857142857142857,8.142857142857142,11.992060865819795
16218,2010-11-22,0,0,11,22,0.0,0.0,24.571428571428573,12.285714285714286,42.02720207539059
17003,2010-11-22,0,0,11,22,36.0,108.0,202.0,144.71428571428572,339.876448139615
10133,2010-11-22,0,0,11,22,6.0,0.0,5.142857142857143,2.5714285714285716,5.0142653642240544
16048,2010-11-22,0,0,11,22,0.0,0.0,13.857142857142858,6.928571428571429,36.223512490409696
15036,2010-11-22,22,0,11,22,0.0,45.0,47.42857142857143,33.214285714285715,87.32669913006227
16236,2010-11-22,3,0,11,22,35.0,4.0,14.571428571428571,12.714285714285714,15.64030203094069
17021,2010-11-22,6,0,11,22,0.0,6.0,0.8571428571428571,2.5,2.2677868380574977
16219,2010-11-22,1,0,11,22,0.0,0.0,3.5714285714285716,2.642857142857143,9.01585904313695
16259,2010-11-22,0,0,11,22,0.0,0.0,0.0,0.0,0.0
16010,2010-11-22,0,0,11,22,0.0,0.0,0.0,0.0,0.0
15034,2010-11-22,1,0,11,22,36.0,24.0,22.571428571428573,13.0,35.4111900527557
16235,2010-11-23,1,1,11,23,2.0,111.0,1.8571428571428572,16.357142857142858,3.670993118515982
16033,2010-11-23,0,1,11,23,0.0,120.0,34.285714285714285,34.285714285714285,58.55400437691203
10002,2010-11-23,4,1,11,23,24.0,24.0,103.14285714285714,53.57142857142857,148.246898305303
16046,2010-11-23,0,1,11,23,0.0,0.0,0.0,5.071428571428571,0.0
16014,2010-11-23,0,1,11,23,0.0,0.0,0.0,0.35714285714285715,0.0
15034,2010-11-23,0,1,11,23,1.0,1.0,22.428571428571427,13.0,35.51458452925667
16236,2010-11-23,30,1,11,23,3.0,30.0,14.571428571428571,14.857142857142858,15.64030203094069
16048,2010-11-23,1,1,11,23,0.0,0.0,14.0,7.0,36.16167400254967
15036,2010-11-23,27,1,11,23,22.0,240.0,17.0,35.142857142857146,20.848661028150126
17003,2010-11-23,40,1,11,23,0.0,406.0,149.71428571428572,129.57142857142858,331.3073670001496
16015,2010-11-23,0,1,11,23,0.0,0.0,0.0,0.35714285714285715,0.0
16012,2010-11-23,24,1,11,23,24.0,48.0,8.285714285714286,7.571428571428571,11.338934190276813
16218,2010-11-23,0,1,11,23,0.0,82.0,12.857142857142858,12.285714285714286,34.01680257083046
10133,2010-11-23,3,1,11,23,0.0,10.0,4.142857142857143,2.7857142857142856,4.561745697594689
16008,2010-11-23,0,1,11,23,0.0,36.0,0.0,3.0,0.0
10125,2010-11-23,0,1,11,23,20.0,0.0,8.714285714285714,4.642857142857143,10.562737740350679
11001,2010-11-23,0,1,11,23,2.0,32.0,0.2857142857142857,7.0,0.7559289460206302
17038,2010-11-23,1,1,11,23,0.0,0.0,0.14285714285714285,0.14285714285714285,0.3779644730092292
16259,2010-11-23,34,1,11,23,0.0,0.0,4.857142857142857,2.4285714285714284,12.85079208231368
16216,2010-11-23,0,1,11,23,0.0,0.0,13.428571428571429,10.285714285714286,33.79771758988636
16219,2010-11-23,0,1,11,23,1.0,24.0,0.14285714285714285,2.642857142857143,0.3779644730092984
16010,2010-11-23,0,1,11,23,0.0,0.0,0.0,0.0,0.0
16016,2010-11-23,0,1,11,23,0.0,0.0,0.0,0.0,0.0
10135,2010-11-23,15,1,11,23,4.0,11.0,4.714285714285714,6.785714285714286,6.237368187364125
17021,2010-11-23,0,1,11,23,6.0,0.0,0.8571428571428571,2.5,2.2677868380574977
16237,2010-11-23,33,1,11,23,15.0,122.0,40.0,33.0,40.70626487409524
16011,2010-11-23,0,1,11,23,0.0,144.0,4.857142857142857,15.0,9.227288721117212
16225,2010-11-23,24,1,11,23,0.0,0.0,3.7142857142857144,2.7857142857142856,8.976158898517104
17001,2010-11-23,0,1,11,23,0.0,0.0,0.0,2.5714285714285716,0.0
10120,2010-11-23,2,1,11,23,5.0,0.0,1.2857142857142858,0.6428571428571429,1.8898223650461643
16052,2010-11-23,0,1,11,23,0.0,0.0,3.4285714285714284,1.7857142857142858,9.071147352221455
16238,2010-11-23,29,1,11,23,8.0,1.0,13.857142857142858,8.357142857142858,14.73576795226014
15039,2010-11-23,4,1,11,23,1.0,7.0,2.4285714285714284,2.5714285714285716,3.6449573777638977
10133,2010-11-24,0,2,11,24,3.0,10.0,2.7142857142857144,2.7857142857142856,3.946064947695162
16033,2010-11-24,0,2,11,24,0.0,120.0,17.142857142857142,34.285714285714285,45.35573676110729
16218,2010-11-24,5,2,11,24,0.0,0.0,13.571428571428571,12.642857142857142,33.75330671631618
16014,2010-11-24,0,2,11,24,0.0,0.0,0.0,0.35714285714285715,0.0
17038,2010-11-24,0,2,11,24,1.0,0.0,0.14285714285714285,0.14285714285714285,0.3779644730092292
16225,2010-11-24,0,2,11,24,24.0,0.0,3.7142857142857144,2.7142857142857144,8.976158898517104
17021,2010-11-24,6,2,11,24,0.0,0.0,1.7142857142857142,1.2857142857142858,2.927700218847246
16235,2010-11-24,6,2,11,24,1.0,0.0,2.7142857142857144,16.785714285714285,3.8606685826114466
10120,2010-11-24,4,2,11,24,2.0,2.0,1.5714285714285714,0.9285714285714286,2.1491969707422642
16238,2010-11-24,3,2,11,24,29.0,1.0,14.142857142857142,8.571428571428571,14.461772268392869
15034,2010-11-24,0,2,11,24,0.0,0.0,22.428571428571427,13.0,35.51458452925667
16016,2010-11-24,0,2,11,24,0.0,0.0,0.0,0.0,0.0
16008,2010-11-24,1,2,11,24,0.0,0.0,0.14285714285714285,3.0714285714285716,0.3779644730091774
16236,2010-11-24,3,2,11,24,30.0,6.0,14.142857142857142,11.0,15.95230987901722
16011,2010-11-24,24,2,11,24,0.0,24.0,4.857142857142857,15.0,9.227288721117212
10135,2010-11-24,13,2,11,24,15.0,12.0,4.857142857142857,7.714285714285714,6.440201120785796
16237,2010-11-24,6,2,11,24,33.0,31.0,36.42857142857143,33.285714285714285,42.67652415890632
15039,2010-11-24,0,2,11,24,4.0,0.0,2.4285714285714284,2.142857142857143,3.6449573777638977
17001,2010-11-24,36,2,11,24,0.0,0.0,5.142857142857143,2.5714285714285716,13.606721028332071
16052,2010-11-24,0,2,11,24,0.0,0.0,3.4285714285714284,1.7142857142857142,9.071147352221455
16046,2010-11-24,6,2,11,24,0.0,0.0,0.8571428571428571,0.42857142857142855,2.2677868380552986
16219,2010-11-24,0,2,11,24,0.0,0.0,0.14285714285714285,1.7857142857142858,0.3779644730092984
16010,2010-11-24,0,2,11,24,0.0,0.0,0.0,0.0,0.0
16048,2010-11-24,1,2,11,24,1.0,1.0,14.0,7.071428571428571,36.16167400254967
16216,2010-11-24,0,2,11,24,0.0,4.0,12.857142857142858,10.285714285714286,34.01680257083045
10002,2010-11-24,13,2,11,24,4.0,304.0,61.57142857142857,54.5,120.79439438271012
16015,2010-11-24,0,2,11,24,0.0,0.0,0.0,0.35714285714285715,0.0
11001,2010-11-24,51,2,11,24,0.0,0.0,7.571428571428571,10.642857142857142,19.164699692030574
10125,2010-11-24,2,2,11,24,0.0,20.0,6.142857142857143,4.785714285714286,9.494359227607578
15036,2010-11-24,636,2,11,24,27.0,13.0,106.0,79.28571428571429,234.6294951620534
16012,2010-11-24,48,2,11,24,24.0,0.0,15.142857142857142,11.0,18.03171808627389
17003,2010-11-24,1584,2,11,24,40.0,900.0,247.42857142857142,237.57142857142858,589.6323309608167
16008,2010-11-25,0,3,11,25,1.0,0.0,0.14285714285714285,2.9285714285714284,0.3779644730091774
15039,2010-11-25,14,3,11,25,0.0,2.0,4.142857142857143,3.142857142857143,5.66946709513851
15034,2010-11-25,96,3,11,25,0.0,96.0,22.428571428571427,19.857142857142858,35.51458452925667
17021,2010-11-25,36,3,11,25,6.0,0.0,6.857142857142857,3.857142857142857,13.158375931051163
16052,2010-11-25,0,3,11,25,0.0,0.0,3.4285714285714284,1.7142857142857142,9.071147352221455
16033,2010-11-25,0,3,11,25,0.0,0.0,17.142857142857142,34.285714285714285,45.35573676110729
16219,2010-11-25,0,3,11,25,0.0,0.0,0.14285714285714285,1.7857142857142858,0.3779644730092984
10135,2010-11-25,2,3,11,25,13.0,0.0,5.142857142857143,6.428571428571429,6.229729031788137
10002,2010-11-25,2,3,11,25,13.0,38.0,56.42857142857143,54.357142857142854,122.7162813740936
16238,2010-11-25,1,3,11,25,3.0,29.0,10.142857142857142,8.5,13.508374827350268
16235,2010-11-25,14,3,11,25,6.0,0.0,4.714285714285714,17.714285714285715,5.498917642418032
17003,2010-11-25,25,3,11,25,1584.0,36.0,245.85714285714286,236.78571428571428,590.3039975502537
10133,2010-11-25,1,3,11,25,0.0,10.0,1.4285714285714286,2.857142857142857,2.2990681342044077
16014,2010-11-25,0,3,11,25,0.0,0.0,0.0,0.35714285714285715,0.0
15036,2010-11-25,194,3,11,25,636.0,57.0,125.57142857142857,89.21428571428571,235.57295907556767
16236,2010-11-25,1,3,11,25,3.0,28.0,10.285714285714286,10.857142857142858,15.293945269444437
10125,2010-11-25,0,3,11,25,2.0,20.0,3.2857142857142856,4.714285714285714,7.409774753982874
11001,2010-11-25,16,3,11,25,51.0,0.0,9.857142857142858,10.642857142857142,19.065051546643996
16218,2010-11-25,0,3,11,25,5.0,90.0,0.7142857142857143,12.642857142857142,1.889822365046243
17038,2010-11-25,0,3,11,25,0.0,0.0,0.14285714285714285,0.07142857142857142,0.3779644730092292
16216,2010-11-25,20,3,11,25,0.0,0.0,15.714285714285714,11.714285714285714,33.59421718944242
16010,2010-11-25,0,3,11,25,0.0,0.0,0.0,0.0,0.0
16012,2010-11-25,72,3,11,25,48.0,0.0,25.428571428571427,16.142857142857142,26.50067384588011
16046,2010-11-25,0,3,11,25,6.0,0.0,0.8571428571428571,0.42857142857142855,2.2677868380552986
16016,2010-11-25,0,3,11,25,0.0,0.0,0.0,0.0,0.0
16015,2010-11-25,0,3,11,25,0.0,0.0,0.0,0.35714285714285715,0.0
10120,2010-11-25,32,3,11,25,4.0,0.0,6.142857142857143,3.2142857142857144,11.582005747833888
16011,2010-11-25,24,3,11,25,24.0,0.0,8.285714285714286,16.714285714285715,11.338934190276813
16225,2010-11-25,0,3,11,25,0.0,0.0,3.7142857142857144,2.4285714285714284,8.976158898517104
16237,2010-11-25,8,3,11,25,6.0,37.0,32.285714285714285,33.714285714285715,43.99891773560757
17001,2010-11-25,0,3,11,25,36.0,0.0,5.142857142857143,2.5714285714285716,13.606721028332071
16046,2010-11-26,0,4,11,26,0.0,0.0,0.8571428571428571,0.42857142857142855,2.2677868380552986
16216,2010-11-26,2,4,11,26,20.0,0.0,16.0,8.285714285714286,33.44647465229581
16237,2010-11-26,3,4,11,26,8.0,37.0,27.428571428571427,32.57142857142857,45.25062483125563
16052,2010-11-26,0,4,11,26,0.0,0.0,3.4285714285714284,1.7142857142857142,9.071147352221455
11001,2010-11-26,2,4,11,26,16.0,0.0,10.142857142857142,10.785714285714286,18.907040764651477
17001,2010-11-26,0,4,11,26,0.0,0.0,5.142857142857143,2.5714285714285716,13.606721028332071
16010,2010-11-26,0,4,11,26,0.0,0.0,0.0,0.0,0.0
15039,2010-11-26,1,4,11,26,14.0,10.0,2.857142857142857,3.2142857142857144,5.113008619478195
10002,2010-11-26,3,4,11,26,2.0,334.0,9.142857142857142,54.57142857142857,9.245333443212969
16011,2010-11-26,19,4,11,26,24.0,0.0,11.0,18.071428571428573,11.298967504452197
10125,2010-11-26,0,4,11,26,0.0,1.0,3.142857142857143,4.714285714285714,7.47057720725272
10135,2010-11-26,20,4,11,26,2.0,0.0,8.0,7.5,7.8528126595919145
17003,2010-11-26,0,4,11,26,25.0,36.0,240.71428571428572,236.78571428571428,592.5894346807395
16012,2010-11-26,0,4,11,26,72.0,0.0,25.428571428571427,16.142857142857142,26.50067384588011
16219,2010-11-26,0,4,11,26,0.0,0.0,0.14285714285714285,1.7857142857142858,0.3779644730092984
16015,2010-11-26,0,4,11,26,0.0,0.0,0.0,0.0,0.0
10133,2010-11-26,1,4,11,26,1.0,0.0,1.5714285714285714,2.9285714285714284,2.2253945610567136
16016,2010-11-26,0,4,11,26,0.0,0.0,0.0,0.0,0.0
17021,2010-11-26,0,4,11,26,36.0,0.0,6.857142857142857,3.857142857142857,13.158375931051163
16235,2010-11-26,60,4,11,26,14.0,0.0,13.285714285714286,20.214285714285715,21.218814652051037
16008,2010-11-26,0,4,11,26,0.0,0.0,0.14285714285714285,2.9285714285714284,0.3779644730091774
16033,2010-11-26,0,4,11,26,0.0,0.0,17.142857142857142,25.714285714285715,45.35573676110729
10120,2010-11-26,2,4,11,26,32.0,0.0,6.428571428571429,3.357142857142857,11.428869043743905
17038,2010-11-26,0,4,11,26,0.0,0.0,0.14285714285714285,0.07142857142857142,0.3779644730092292
16218,2010-11-26,21,4,11,26,0.0,0.0,3.7142857142857144,14.142857142857142,7.846746368491147
15034,2010-11-26,48,4,11,26,96.0,24.0,25.857142857142858,23.285714285714285,36.82584496169586
16236,2010-11-26,2,4,11,26,1.0,0.0,10.571428571428571,10.357142857142858,15.08704900300412
16238,2010-11-26,3,4,11,26,1.0,0.0,10.571428571428571,7.928571428571429,13.176458083227358
16014,2010-11-26,0,4,11,26,0.0,0.0,0.0,0.0,0.0
15036,2010-11-26,36,4,11,26,194.0,0.0,130.71428571428572,90.71428571428571,232.75073525534737
16225,2010-11-26,0,4,11,26,0.0,0.0,3.7142857142857144,2.0,8.976158898517104
15039,2010-11-27,0,5,11,27,1.0,0.0,2.857142857142857,3.2142857142857144,5.113008619478195
16219,2010-11-27,0,5,11,27,0.0,0.0,0.14285714285714285,1.7857142857142858,0.3779644730092984
16008,2010-11-27,0,5,11,27,0.0,0.0,0.14285714285714285,2.9285714285714284,0.3779644730091774
16010,2010-11-27,0,5,11,27,0.0,0.0,0.0,0.0,0.0
16015,2010-11-27,0,5,11,27,0.0,0.0,0.0,0.0,0.0
16218,2010-11-27,0,5,11,27,21.0,0.0,3.7142857142857144,14.142857142857142,7.846746368491147
10133,2010-11-27,0,5,11,27,1.0,0.0,1.5714285714285714,2.9285714285714284,2.2253945610567136
17001,2010-11-27,0,5,11,27,0.0,0.0,5.142857142857143,2.5714285714285716,13.606721028332071
16216,2010-11-27,0,5,11,27,2.0,0.0,16.0,8.285714285714286,33.44647465229581
16033,2010-11-27,0,5,11,27,0.0,0.0,17.142857142857142,25.714285714285715,45.35573676110729
16236,2010-11-27,0,5,11,27,2.0,0.0,10.571428571428571,10.357142857142858,15.08704900300412
10125,2010-11-27,0,5,11,27,0.0,0.0,3.142857142857143,4.714285714285714,7.47057720725272
17003,2010-11-27,0,5,11,27,0.0,0.0,240.71428571428572,236.78571428571428,592.5894346807395
10120,2010-11-27,0,5,11,27,2.0,0.0,6.428571428571429,3.357142857142857,11.428869043743905
10002,2010-11-27,0,5,11,27,3.0,0.0,9.142857142857142,54.57142857142857,9.245333443212969
16052,2010-11-27,0,5,11,27,0.0,0.0,3.4285714285714284,1.7142857142857142,9.071147352221455
16235,2010-11-27,0,5,11,27,60.0,0.0,13.285714285714286,20.214285714285715,21.218814652051037
17021,2010-11-27,0,5,11,27,0.0,0.0,6.857142857142857,3.857142857142857,13.158375931051163
10135,2010-11-27,0,5,11,27,20.0,0.0,8.0,7.5,7.8528126595919145
16016,2010-11-27,0,5,11,27,0.0,0.0,0.0,0.0,0.0
16011,2010-11-27,0,5,11,27,19.0,0.0,11.0,18.071428571428573,11.298967504452197
15036,2010-11-27,0,5,11,27,36.0,0.0,130.71428571428572,90.71428571428571,232.75073525534737
16012,2010-11-27,0,5,11,27,0.0,0.0,25.428571428571427,16.142857142857142,26.50067384588011
16225,2010-11-27,0,5,11,27,0.0,0.0,3.7142857142857144,2.0,8.976158898517104
17038,2010-11-27,0,5,11,27,0.0,0.0,0.14285714285714285,0.07142857142857142,0.3779644730092292
11001,2010-11-27,0,5,11,27,2.0,0.0,10.142857142857142,10.785714285714286,18.907040764651477
15034,2010-11-27,0,5,11,27,48.0,0.0,25.857142857142858,23.285714285714285,36.82584496169586
16014,2010-11-27,0,5,11,27,0.0,0.0,0.0,0.0,0.0
16046,2010-11-27,0,5,11,27,0.0,0.0,0.8571428571428571,0.42857142857142855,2.2677868380552986
16237,2010-11-27,0,5,11,27,3.0,0.0,27.428571428571427,32.57142857142857,45.25062483125563
16238,2010-11-27,0,5,11,27,3.0,0.0,10.571428571428571,7.928571428571429,13.176458083227358
16014,2010-11-28,0,6,11,28,0.0,0.0,0.0,0.0,0.0
16015,2010-11-28,10,6,11,28,0.0,0.0,1.4285714285714286,0.7142857142857143,3.7796447300922082
16008,2010-11-28,0,6,11,28,0.0,0.0,0.14285714285714285,2.9285714285714284,0.3779644730091774
17021,2010-11-28,0,6,11,28,0.0,0.0,6.857142857142857,3.857142857142857,13.158375931051163
10120,2010-11-28,0,6,11,28,0.0,0.0,6.428571428571429,3.357142857142857,11.428869043743905
16016,2010-11-28,10,6,11,28,0.0,0.0,1.4285714285714286,0.7142857142857143,3.779644730092263
16011,2010-11-28,10,6,11,28,0.0,10.0,11.0,18.214285714285715,11.298967504452197
17038,2010-11-28,0,6,11,28,0.0,0.0,0.14285714285714285,0.07142857142857142,0.3779644730092292
15036,2010-11-28,12,6,11,28,0.0,0.0,132.42857142857142,91.57142857142857,231.66920176756142
10125,2010-11-28,0,6,11,28,0.0,0.0,3.142857142857143,4.714285714285714,7.47057720725272
16012,2010-11-28,0,6,11,28,0.0,10.0,24.0,16.142857142857142,27.712812921102035
11001,2010-11-28,0,6,11,28,0.0,0.0,10.142857142857142,9.642857142857142,18.907040764651477
16216,2010-11-28,0,6,11,28,0.0,90.0,3.142857142857143,8.285714285714286,7.470577207252714
16046,2010-11-28,0,6,11,28,0.0,0.0,0.8571428571428571,0.42857142857142855,2.2677868380552986
17001,2010-11-28,6,6,11,28,0.0,0.0,6.0,3.0,13.416407864998627
16237,2010-11-28,49,6,11,28,0.0,127.0,16.285714285714285,35.785714285714285,18.10814076333526
10002,2010-11-28,5,6,11,28,0.0,18.0,7.285714285714286,54.92857142857143,8.440266301373264
16010,2010-11-28,0,6,11,28,0.0,0.0,0.0,0.0,0.0
16218,2010-11-28,0,6,11,28,0.0,0.0,3.7142857142857144,14.142857142857142,7.846746368491147
16236,2010-11-28,5,6,11,28,0.0,35.0,6.285714285714286,10.5,10.578504710249078
16225,2010-11-28,0,6,11,28,0.0,2.0,3.4285714285714284,2.0,9.07114735222141
16033,2010-11-28,0,6,11,28,0.0,120.0,0.0,25.714285714285715,0.0
15039,2010-11-28,0,6,11,28,0.0,0.0,2.857142857142857,3.2142857142857144,5.113008619478195
16235,2010-11-28,0,6,11,28,0.0,10.0,11.857142857142858,19.5,21.805416539846036
10135,2010-11-28,0,6,11,28,0.0,2.0,7.714285714285714,6.071428571428571,8.138678961482361
16219,2010-11-28,0,6,11,28,0.0,0.0,0.14285714285714285,1.7857142857142858,0.3779644730092984
10133,2010-11-28,0,6,11,28,0.0,6.0,0.7142857142857143,2.9285714285714284,1.1126972805283062
17003,2010-11-28,108,6,11,28,0.0,36.0,251.0,234.21428571428572,589.0582880043935
16052,2010-11-28,0,6,11,28,0.0,24.0,0.0,1.7142857142857142,0.0
15034,2010-11-28,0,6,11,28,0.0,36.0,20.714285714285715,23.285714285714285,37.67720038128406
16238,2010-11-28,32,6,11,28,0.0,30.0,10.857142857142858,10.0,13.680016708427555
16235,2010-11-29,66,0,11,29,0.0,2.0,21.0,19.285714285714285,29.160475533388226
17038,2010-11-29,0,0,11,29,0.0,0.0,0.14285714285714285,0.07142857142857142,0.3779644730092292
16236,2010-11-29,1,0,11,29,5.0,3.0,6.0,10.285714285714286,10.708252269472675
15036,2010-11-29,31,0,11,29,12.0,22.0,133.71428571428572,90.57142857142857,230.97814780170177
17003,2010-11-29,0,0,11,29,108.0,0.0,251.0,226.5,589.0582880043935
16012,2010-11-29,0,0,11,29,0.0,24.0,20.571428571428573,16.142857142857142,29.15965902210988
16052,2010-11-29,0,0,11,29,0.0,0.0,0.0,1.7142857142857142,0.0
11001,2010-11-29,4,0,11,29,0.0,2.0,10.428571428571429,7.642857142857143,18.778153466702996
16216,2010-11-29,5,0,11,29,0.0,0.0,3.857142857142857,8.642857142857142,7.358183005529089
16046,2010-11-29,0,0,11,29,0.0,0.0,0.8571428571428571,0.42857142857142855,2.2677868380552986
16219,2010-11-29,0,0,11,29,0.0,1.0,0.0,1.7857142857142858,0.0
16237,2010-11-29,2,0,11,29,49.0,15.0,14.428571428571429,33.57142857142857,18.91081826942055
15039,2010-11-29,0,0,11,29,0.0,1.0,2.7142857142857144,2.7857142857142856,5.186980037050757
10002,2010-11-29,9,0,11,29,5.0,24.0,5.142857142857143,55.57142857142857,4.450789122113729
16011,2010-11-29,0,0,11,29,10.0,0.0,11.0,18.214285714285715,11.298967504452197
10135,2010-11-29,10,0,11,29,0.0,4.0,8.571428571428571,6.357142857142857,7.997023255709674
16016,2010-11-29,0,0,11,29,10.0,0.0,1.4285714285714286,0.7142857142857143,3.779644730092263
10125,2010-11-29,0,0,11,29,0.0,20.0,0.2857142857142857,4.5,0.755928946018509
15034,2010-11-29,0,0,11,29,0.0,1.0,20.571428571428573,21.571428571428573,37.76619803853331
16033,2010-11-29,-120,0,11,29,0.0,0.0,-17.142857142857142,17.142857142857142,45.35573676110723
17021,2010-11-29,0,0,11,29,0.0,6.0,6.0,3.4285714285714284,13.41640786499909
16008,2010-11-29,12,0,11,29,0.0,0.0,1.8571428571428572,3.5,4.48807944925857
16015,2010-11-29,10,0,11,29,10.0,0.0,2.857142857142857,1.4285714285714286,4.879500364742615
16014,2010-11-29,0,0,11,29,0.0,0.0,0.0,0.0,0.0
16238,2010-11-29,0,0,11,29,32.0,8.0,9.714285714285714,9.785714285714286,14.279522467672432
16225,2010-11-29,1,0,11,29,0.0,0.0,3.5714285714285716,1.9285714285714286,9.015859043136905
10133,2010-11-29,5,0,11,29,0.0,0.0,1.4285714285714286,3.2857142857142856,1.9023794624226442
16010,2010-11-29,0,0,11,29,0.0,0.0,0.0,0.0,0.0
16218,2010-11-29,0,0,11,29,0.0,0.0,3.7142857142857144,14.142857142857142,7.846746368491147
10120,2010-11-29,0,0,11,29,0.0,5.0,5.714285714285714,3.357142857142857,11.686377906410037
17038,2010-11-30,0,1,11,30,0.0,1.0,0.0,0.07142857142857142,0.0
10135,2010-11-30,0,1,11,30,10.0,15.0,6.428571428571429,5.571428571428571,7.9970232557096645
16235,2010-11-30,0,1,11,30,66.0,1.0,20.857142857142858,11.357142857142858,29.277002188455995
10002,2010-11-30,12,1,11,30,9.0,4.0,6.285714285714286,54.714285714285715,5.089672082243009
16218,2010-11-30,0,1,11,30,0.0,0.0,3.7142857142857144,8.285714285714286,7.846746368491147
15039,2010-11-30,0,1,11,30,0.0,4.0,2.142857142857143,2.2857142857142856,5.241773600241778
16008,2010-11-30,24,1,11,30,12.0,0.0,5.285714285714286,2.642857142857143,9.357960705807038
16219,2010-11-30,0,1,11,30,0.0,0.0,0.0,0.07142857142857142,0.0
16015,2010-11-30,0,1,11,30,10.0,0.0,2.857142857142857,1.4285714285714286,4.879500364742615
15034,2010-11-30,0,1,11,30,0.0,0.0,20.571428571428573,21.5,37.76619803853331
16046,2010-11-30,0,1,11,30,0.0,0.0,0.8571428571428571,0.42857142857142855,2.2677868380552986
17021,2010-11-30,0,1,11,30,0.0,0.0,6.0,3.4285714285714284,13.41640786499909
16011,2010-11-30,0,1,11,30,0.0,0.0,11.0,7.928571428571429,11.298967504452197
11001,2010-11-30,16,1,11,30,4.0,0.0,12.714285714285714,6.5,18.263937926182034
16014,2010-11-30,0,1,11,30,0.0,0.0,0.0,0.0,0.0
10125,2010-11-30,0,1,11,30,0.0,0.0,0.2857142857142857,4.5,0.755928946018509
16238,2010-11-30,4,1,11,30,0.0,29.0,6.142857142857143,10.0,11.509830167130634
16012,2010-11-30,24,1,11,30,0.0,24.0,20.571428571428573,14.428571428571429,29.15965902210988
10133,2010-11-30,0,1,11,30,5.0,3.0,1.0,2.5714285714285716,1.8257418583505127
16052,2010-11-30,0,1,11,30,0.0,0.0,0.0,1.7142857142857142,0.0
16010,2010-11-30,0,1,11,30,0.0,0.0,0.0,0.0,0.0
17003,2010-11-30,0,1,11,30,0.0,40.0,245.28571428571428,197.5,591.6346604354513
16236,2010-11-30,0,1,11,30,1.0,30.0,1.7142857142857142,8.142857142857142,1.7994708216848971
16225,2010-11-30,0,1,11,30,1.0,24.0,0.14285714285714285,1.9285714285714286,0.3779644730081324
10120,2010-11-30,10,1,11,30,0.0,2.0,6.857142857142857,4.071428571428571,11.653734328940397
15036,2010-11-30,24,1,11,30,31.0,27.0,133.28571428571428,75.14285714285714,231.21181795467288
16237,2010-11-30,40,1,11,30,2.0,33.0,15.428571428571429,27.714285714285715,20.197831095253353
16016,2010-11-30,0,1,11,30,0.0,0.0,1.4285714285714286,0.7142857142857143,3.779644730092263
17038,2010-12-01,0,2,12,1,0.0,0.0,0.0,0.07142857142857142,0.0
16046,2010-12-01,0,2,12,1,0.0,6.0,0.0,0.42857142857142855,0.0
16016,2010-12-01,10,2,12,1,0.0,0.0,2.857142857142857,1.4285714285714286,4.879500364742656
16052,2010-12-01,0,2,12,1,0.0,0.0,0.0,1.7142857142857142,0.0
16015,2010-12-01,0,2,12,1,0.0,0.0,2.857142857142857,1.4285714285714286,4.879500364742615
16238,2010-12-01,34,2,12,1,4.0,3.0,10.571428571428571,12.357142857142858,15.404081091896206
16010,2010-12-01,0,2,12,1,0.0,0.0,0.0,0.0,0.0
16218,2010-12-01,0,2,12,1,0.0,5.0,3.0,8.285714285714286,7.937253933193799
10120,2010-12-01,0,2,12,1,10.0,4.0,6.285714285714286,3.9285714285714284,11.912378515844853
17003,2010-12-01,39,2,12,1,0.0,1584.0,24.571428571428573,136.0,39.966057027007935
16014,2010-12-01,10,2,12,1,0.0,0.0,1.4285714285714286,0.7142857142857143,3.779644730051205
16237,2010-12-01,70,2,12,1,40.0,6.0,24.571428571428573,30.5,28.141648511634536
16008,2010-12-01,0,2,12,1,24.0,1.0,5.142857142857143,2.642857142857143,9.441549509633317
16219,2010-12-01,0,2,12,1,0.0,0.0,0.0,0.07142857142857142,0.0
16011,2010-12-01,0,2,12,1,0.0,24.0,7.571428571428571,6.214285714285714,10.293317295817749
11001,2010-12-01,3,2,12,1,16.0,51.0,5.857142857142857,6.714285714285714,7.081162132225178
10125,2010-12-01,2,2,12,1,0.0,2.0,0.2857142857142857,3.2142857142857144,0.755928946018509
17021,2010-12-01,600,2,12,1,0.0,6.0,90.85714285714286,46.285714285714285,224.91141113145608
15036,2010-12-01,0,2,12,1,24.0,636.0,42.42857142857143,74.21428571428571,68.32729357745019
16235,2010-12-01,0,2,12,1,0.0,6.0,20.0,11.357142857142858,29.866369046136157
10135,2010-12-01,1,2,12,1,0.0,13.0,4.714285714285714,4.785714285714286,7.631388814499977
10002,2010-12-01,60,2,12,1,12.0,13.0,13.0,37.285714285714285,21.134489978863176
16225,2010-12-01,0,2,12,1,0.0,0.0,0.14285714285714285,1.9285714285714286,0.3779644730081324
10133,2010-12-01,5,2,12,1,0.0,0.0,1.7142857142857142,2.2142857142857144,2.2886885410852846
16012,2010-12-01,0,2,12,1,24.0,48.0,13.714285714285714,14.428571428571429,27.21344205666436
15034,2010-12-01,0,2,12,1,0.0,0.0,20.571428571428573,21.5,37.76619803853331
16236,2010-12-01,2,2,12,1,0.0,3.0,1.5714285714285714,7.857142857142857,1.718249385968473
15039,2010-12-01,0,2,12,1,0.0,0.0,2.142857142857143,2.2857142857142856,5.241773600241778
16010,2010-12-02,0,3,12,2,0.0,0.0,0.0,0.0,0.0
16011,2010-12-02,0,3,12,2,0.0,24.0,4.142857142857143,6.214285714285714,7.537209285241028
16238,2010-12-02,0,3,12,2,34.0,1.0,10.428571428571429,10.285714285714286,15.511900193691536
10135,2010-12-02,10,3,12,2,1.0,2.0,5.857142857142857,5.5,7.755182598935846
16012,2010-12-02,24,3,12,2,0.0,72.0,6.857142857142857,16.142857142857142,11.710800875382398
10002,2010-12-02,1,3,12,2,60.0,2.0,12.857142857142858,34.642857142857146,21.224424385037906
16008,2010-12-02,0,3,12,2,0.0,0.0,5.142857142857143,2.642857142857143,9.441549509633317
16218,2010-12-02,0,3,12,2,0.0,0.0,3.0,1.8571428571428572,7.937253933193799
16237,2010-12-02,360,3,12,2,70.0,8.0,74.85714285714286,53.57142857142857,128.63958510949442
16219,2010-12-02,0,3,12,2,0.0,0.0,0.0,0.07142857142857142,0.0
16236,2010-12-02,0,3,12,2,2.0,1.0,1.4285714285714286,5.857142857142857,1.8126539343499548
15034,2010-12-02,0,3,12,2,0.0,96.0,6.857142857142857,14.642857142857142,18.142294704443007
15039,2010-12-02,0,3,12,2,0.0,14.0,0.14285714285714285,2.142857142857143,0.3779644730108278
16225,2010-12-02,0,3,12,2,0.0,0.0,0.14285714285714285,1.9285714285714286,0.3779644730081324
16235,2010-12-02,48,3,12,2,0.0,14.0,24.857142857142858,14.785714285714286,31.45064160144999
15036,2010-12-02,48,3,12,2,0.0,194.0,21.571428571428573,73.57142857142857,18.36534002641202
11001,2010-12-02,0,3,12,2,3.0,16.0,3.5714285714285716,6.714285714285714,5.7113087483562435
16014,2010-12-02,0,3,12,2,10.0,0.0,1.4285714285714286,0.7142857142857143,3.779644730051205
16046,2010-12-02,1,3,12,2,0.0,0.0,0.14285714285714285,0.5,0.3779644730088282
16052,2010-12-02,0,3,12,2,0.0,0.0,0.0,1.7142857142857142,0.0
16015,2010-12-02,0,3,12,2,0.0,0.0,2.857142857142857,1.4285714285714286,4.879500364742615
17038,2010-12-02,0,3,12,2,0.0,0.0,0.0,0.07142857142857142,0.0
10120,2010-12-02,0,3,12,2,0.0,32.0,1.7142857142857142,3.9285714285714284,3.7289089429432356
17003,2010-12-02,36,3,12,2,39.0,25.0,26.142857142857142,136.0,40.20127929734566
10125,2010-12-02,0,3,12,2,2.0,0.0,0.2857142857142857,1.7857142857142858,0.755928946018509
10133,2010-12-02,0,3,12,2,5.0,1.0,1.5714285714285714,1.5,2.3704530408863764
17021,2010-12-02,0,3,12,2,600.0,36.0,85.71428571428571,46.285714285714285,226.77868380553633
16016,2010-12-02,0,3,12,2,10.0,0.0,2.857142857142857,1.4285714285714286,4.879500364742656
17003,2010-12-03,0,4,12,3,36.0,0.0,26.142857142857142,133.42857142857142,40.20127929734566
16014,2010-12-03,0,4,12,3,0.0,0.0,1.4285714285714286,0.7142857142857143,3.779644730051205
16015,2010-12-03,0,4,12,3,0.0,0.0,2.857142857142857,1.4285714285714286,4.879500364742615
16008,2010-12-03,0,4,12,3,0.0,0.0,5.142857142857143,2.642857142857143,9.441549509633317
16219,2010-12-03,0,4,12,3,0.0,0.0,0.0,0.07142857142857142,0.0
15039,2010-12-03,0,4,12,3,0.0,1.0,0.0,1.4285714285714286,0.0
16218,2010-12-03,1,4,12,3,0.0,21.0,0.14285714285714285,1.9285714285714286,0.3779644730097917
10120,2010-12-03,3,4,12,3,0.0,2.0,1.8571428571428572,4.142857142857143,3.7606990231680704
16016,2010-12-03,10,4,12,3,0.0,0.0,4.285714285714286,2.142857142857143,5.345224838248476
11001,2010-12-03,0,4,12,3,0.0,2.0,3.2857142857142856,6.714285714285714,5.851332774513702
17021,2010-12-03,0,4,12,3,0.0,0.0,85.71428571428571,46.285714285714285,226.77868380553633
15034,2010-12-03,0,4,12,3,0.0,48.0,0.0,12.928571428571429,0.0
16237,2010-12-03,3,4,12,3,360.0,3.0,74.85714285714286,51.142857142857146,128.63958510949442
16238,2010-12-03,1,4,12,3,0.0,3.0,10.142857142857142,10.357142857142858,15.688940599761892
10133,2010-12-03,1,4,12,3,0.0,1.0,1.5714285714285714,1.5714285714285714,2.3704530408863764
10135,2010-12-03,1,4,12,3,10.0,20.0,3.142857142857143,5.571428571428571,4.705619740569476
15036,2010-12-03,15,4,12,3,48.0,36.0,18.571428571428573,74.64285714285714,17.29987613498233
10002,2010-12-03,8,4,12,3,1.0,3.0,13.571428571428571,11.357142857142858,20.91934625219079
10125,2010-12-03,0,4,12,3,0.0,0.0,0.2857142857142857,1.7142857142857142,0.755928946018509
16235,2010-12-03,11,4,12,3,48.0,60.0,17.857142857142858,15.571428571428571,27.534394076188736
16011,2010-12-03,0,4,12,3,0.0,19.0,1.4285714285714286,6.214285714285714,3.7796447300922242
17038,2010-12-03,0,4,12,3,0.0,0.0,0.0,0.07142857142857142,0.0
16010,2010-12-03,0,4,12,3,0.0,0.0,0.0,0.0,0.0
16225,2010-12-03,1,4,12,3,0.0,0.0,0.2857142857142857,2.0,0.48795003647342
16052,2010-12-03,0,4,12,3,0.0,0.0,0.0,1.7142857142857142,0.0
16236,2010-12-03,0,4,12,3,0.0,2.0,1.1428571428571428,5.857142857142857,1.8644544714716325
15039,2010-12-04,0,5,12,4,0.0,0.0,0.0,1.4285714285714286,0.0
15034,2010-12-04,0,5,12,4,0.0,0.0,0.0,12.928571428571429,0.0
16235,2010-12-04,0,5,12,4,11.0,0.0,17.857142857142858,15.571428571428571,27.534394076188736
17038,2010-12-04,0,5,12,4,0.0,0.0,0.0,0.07142857142857142,0.0
10002,2010-12-04,0,5,12,4,8.0,0.0,13.571428571428571,11.357142857142858,20.91934625219079
17021,2010-12-04,0,5,12,4,0.0,0.0,85.71428571428571,46.285714285714285,226.77868380553633
16016,2010-12-04,0,5,12,4,10.0,0.0,4.285714285714286,2.142857142857143,5.345224838248476
15036,2010-12-04,0,5,12,4,15.0,0.0,18.571428571428573,74.64285714285714,17.29987613498233
16225,2010-12-04,0,5,12,4,1.0,0.0,0.2857142857142857,2.0,0.48795003647342
16014,2010-12-04,0,5,12,4,0.0,0.0,1.4285714285714286,0.7142857142857143,3.779644730051205
16219,2010-12-04,0,5,12,4,0.0,0.0,0.0,0.07142857142857142,0.0
16010,2010-12-04,0,5,12,4,0.0,0.0,0.0,0.0,0.0
10125,2010-12-04,0,5,12,4,0.0,0.0,0.2857142857142857,1.7142857142857142,0.755928946018509
16238,2010-12-04,0,5,12,4,1.0,0.0,10.142857142857142,10.357142857142858,15.688940599761892
16236,2010-12-04,0,5,12,4,0.0,0.0,1.1428571428571428,5.857142857142857,1.8644544714716325
11001,2010-12-04,0,5,12,4,0.0,0.0,3.2857142857142856,6.714285714285714,5.851332774513702
10120,2010-12-04,0,5,12,4,3.0,0.0,1.8571428571428572,4.142857142857143,3.7606990231680704
16218,2010-12-04,0,5,12,4,1.0,0.0,0.14285714285714285,1.9285714285714286,0.3779644730097917
16052,2010-12-04,0,5,12,4,0.0,0.0,0.0,1.7142857142857142,0.0
16011,2010-12-04,0,5,12,4,0.0,0.0,1.4285714285714286,6.214285714285714,3.7796447300922242
10135,2010-12-04,0,5,12,4,1.0,0.0,3.142857142857143,5.571428571428571,4.705619740569476
16008,2010-12-04,0,5,12,4,0.0,0.0,5.142857142857143,2.642857142857143,9.441549509633317
16237,2010-12-04,0,5,12,4,3.0,0.0,74.85714285714286,51.142857142857146,128.63958510949442
17003,2010-12-04,0,5,12,4,0.0,0.0,26.142857142857142,133.42857142857142,40.20127929734566
16015,2010-12-04,0,5,12,4,0.0,0.0,2.857142857142857,1.4285714285714286,4.879500364742615
10133,2010-12-04,0,5,12,4,1.0,0.0,1.5714285714285714,1.5714285714285714,2.3704530408863764
16014,2010-12-05,4,6,12,5,0.0,0.0,2.0,1.0,3.829708430984822
17038,2010-12-05,0,6,12,5,0.0,0.0,0.0,0.07142857142857142,0.0
16052,2010-12-05,0,6,12,5,0.0,0.0,0.0,0.0,0.0
16011,2010-12-05,5,6,12,5,0.0,10.0,0.7142857142857143,5.857142857142857,1.8898223650460317
16016,2010-12-05,0,6,12,5,0.0,10.0,2.857142857142857,2.142857142857143,4.879500364742656
16218,2010-12-05,0,6,12,5,0.0,0.0,0.14285714285714285,1.9285714285714286,0.3779644730097917
15039,2010-12-05,15,6,12,5,0.0,0.0,2.142857142857143,2.5,5.669467095138512
16219,2010-12-05,0,6,12,5,0.0,0.0,0.0,0.07142857142857142,0.0
16008,2010-12-05,0,6,12,5,0.0,0.0,5.142857142857143,2.642857142857143,9.441549509633317
16015,2010-12-05,0,6,12,5,0.0,10.0,1.4285714285714286,1.4285714285714286,3.7796447300922082
16225,2010-12-05,0,6,12,5,0.0,0.0,0.2857142857142857,1.8571428571428572,0.48795003647342
16010,2010-12-05,12,6,12,5,0.0,0.0,1.7142857142857142,0.8571428571428571,4.535573676110727
16235,2010-12-05,0,6,12,5,0.0,0.0,17.857142857142858,14.857142857142858,27.534394076188736
17021,2010-12-05,0,6,12,5,0.0,0.0,85.71428571428571,46.285714285714285,226.77868380553633
11001,2010-12-05,15,6,12,5,0.0,0.0,5.428571428571429,7.785714285714286,7.0676998346268
16238,2010-12-05,28,6,12,5,0.0,32.0,9.571428571428571,10.214285714285714,14.8082988315915
16236,2010-12-05,0,6,12,5,0.0,5.0,0.42857142857142855,3.357142857142857,0.7867957924695059
15034,2010-12-05,2,6,12,5,0.0,0.0,0.2857142857142857,10.5,0.7559289460210783
10135,2010-12-05,11,6,12,5,0.0,0.0,4.714285714285714,6.214285714285714,5.282495802624175
16237,2010-12-05,30,6,12,5,0.0,49.0,72.14285714285714,44.214285714285715,129.47384365375189
10125,2010-12-05,0,6,12,5,0.0,0.0,0.2857142857142857,1.7142857142857142,0.755928946018509
10133,2010-12-05,14,6,12,5,0.0,0.0,3.5714285714285716,2.142857142857143,5.126959555693231
15036,2010-12-05,12,6,12,5,0.0,12.0,18.571428571428573,75.5,17.29987613498233
10120,2010-12-05,0,6,12,5,0.0,0.0,1.8571428571428572,4.142857142857143,3.7606990231680704
10002,2010-12-05,1,6,12,5,0.0,5.0,13.0,10.142857142857142,21.244607158837617
17003,2010-12-05,723,6,12,5,0.0,108.0,114.0,182.5,269.12636437183244
17038,2010-12-06,0,0,12,6,0.0,0.0,0.0,0.07142857142857142,0.0
16218,2010-12-06,1,0,12,6,0.0,0.0,0.2857142857142857,2.0,0.48795003647470425
17021,2010-12-06,2,0,12,6,0.0,0.0,86.0,46.0,226.65392121028924
16015,2010-12-06,0,0,12,6,0.0,10.0,0.0,1.4285714285714286,0.0
17003,2010-12-06,185,0,12,6,723.0,0.0,140.42857142857142,195.71428571428572,265.11938011825174
16238,2010-12-06,5,0,12,6,28.0,0.0,10.285714285714286,10.0,14.38418443655259
10135,2010-12-06,0,0,12,6,11.0,10.0,3.2857142857142856,5.928571428571429,4.956957592254405
16011,2010-12-06,41,0,12,6,5.0,0.0,6.571428571428571,8.785714285714286,15.29550198432143
16016,2010-12-06,2,0,12,6,0.0,0.0,3.142857142857143,2.2857142857142856,4.740906081772805
10133,2010-12-06,2,0,12,6,14.0,5.0,3.142857142857143,2.2857142857142856,5.113008619478065
16014,2010-12-06,0,0,12,6,4.0,0.0,2.0,1.0,3.829708430984822
16052,2010-12-06,0,0,12,6,0.0,0.0,0.0,0.0,0.0
10125,2010-12-06,3,0,12,6,0.0,0.0,0.7142857142857143,0.5,1.253566341056049
10120,2010-12-06,0,0,12,6,0.0,0.0,1.8571428571428572,3.7857142857142856,3.7606990231680704
16008,2010-12-06,0,0,12,6,0.0,12.0,3.4285714285714284,2.642857142857143,9.071147352221452
11001,2010-12-06,1,0,12,6,15.0,4.0,5.0,7.714285714285714,7.257180352359273
10002,2010-12-06,25,0,12,6,1.0,9.0,15.285714285714286,10.214285714285714,21.600264548644528
15036,2010-12-06,4,0,12,6,12.0,31.0,14.714285714285714,74.21428571428571,17.075462763024756
16219,2010-12-06,0,0,12,6,0.0,0.0,0.0,0.0,0.0
16236,2010-12-06,2,0,12,6,0.0,1.0,0.5714285714285714,3.2857142857142856,0.9759000729485827
16225,2010-12-06,3,0,12,6,0.0,1.0,0.5714285714285714,2.0714285714285716,1.1338934190273187
15039,2010-12-06,0,0,12,6,15.0,0.0,2.142857142857143,2.4285714285714284,5.669467095138512
15034,2010-12-06,0,0,12,6,2.0,0.0,0.2857142857142857,10.428571428571429,0.7559289460210783
16237,2010-12-06,7,0,12,6,30.0,2.0,72.85714285714286,43.642857142857146,129.0354325646365
16235,2010-12-06,10,0,12,6,0.0,66.0,9.857142857142858,15.428571428571429,17.534999015574286
10133,2010-12-07,0,1,12,7,2.0,0.0,3.142857142857143,2.0714285714285716,5.113008619478065
16237,2010-12-07,10,1,12,7,7.0,40.0,68.57142857142857,42.0,130.79482296438843
10135,2010-12-07,8,1,12,7,0.0,0.0,4.428571428571429,5.428571428571429,4.995235825500239
16235,2010-12-07,2,1,12,7,10.0,0.0,10.142857142857142,15.5,17.36306973078756
10002,2010-12-07,8,1,12,7,25.0,12.0,14.714285714285714,10.5,21.75403629761834
15039,2010-12-07,1,1,12,7,0.0,0.0,2.2857142857142856,2.2142857142857144,5.618845839799286
16014,2010-12-07,0,1,12,7,0.0,0.0,2.0,1.0,3.829708430984822
10125,2010-12-07,0,1,12,7,3.0,0.0,0.7142857142857143,0.5,1.253566341056049
16219,2010-12-07,1,1,12,7,0.0,0.0,0.14285714285714285,0.07142857142857142,0.3779644730092984
15034,2010-12-07,1,1,12,7,0.0,0.0,0.42857142857142855,10.5,0.7867957924719602
17038,2010-12-07,100,1,12,7,0.0,0.0,14.285714285714286,7.142857142857143,37.79644730092272
16052,2010-12-07,2,1,12,7,0.0,0.0,0.2857142857142857,0.14285714285714285,0.755928946018473
16238,2010-12-07,5,1,12,7,5.0,4.0,10.428571428571429,8.285714285714286,14.316158037419846
16236,2010-12-07,8,1,12,7,2.0,0.0,1.7142857142857142,1.7142857142857142,2.927700218845613
11001,2010-12-07,0,1,12,7,1.0,16.0,2.7142857142857144,7.714285714285714,5.529143565818456
16225,2010-12-07,1,1,12,7,3.0,0.0,0.7142857142857143,0.42857142857142855,1.1126972805280044
17003,2010-12-07,3,1,12,7,185.0,0.0,140.85714285714286,193.07142857142858,264.85683464306373
16015,2010-12-07,0,1,12,7,0.0,0.0,0.0,1.4285714285714286,0.0
16218,2010-12-07,1,1,12,7,1.0,0.0,0.42857142857142855,2.0714285714285716,0.5345224838252486
15036,2010-12-07,0,1,12,7,4.0,24.0,11.285714285714286,72.28571428571429,17.30813186255076
16008,2010-12-07,0,1,12,7,0.0,24.0,0.0,2.642857142857143,0.0
10120,2010-12-07,0,1,12,7,0.0,10.0,0.42857142857142855,3.642857142857143,1.1338934190277457
16016,2010-12-07,0,1,12,7,2.0,0.0,3.142857142857143,2.2857142857142856,4.740906081772805
16225,2010-12-08,1,2,12,8,1.0,0.0,0.8571428571428571,0.5,1.069044967649314
10120,2010-12-08,12,2,12,8,0.0,0.0,2.142857142857143,4.214285714285714,4.4880794492585885
16015,2010-12-08,0,2,12,8,0.0,0.0,0.0,1.4285714285714286,0.0
16235,2010-12-08,6,2,12,8,2.0,0.0,11.0,15.5,16.921386861996094
16237,2010-12-08,60,2,12,8,10.0,70.0,67.14285714285714,45.857142857142854,130.83122533940252
16014,2010-12-08,1000,2,12,8,0.0,10.0,143.42857142857142,72.42857142857143,377.7154383672344
10125,2010-12-08,40,2,12,8,0.0,2.0,6.142857142857143,3.2142857142857144,14.971401308590226
15034,2010-12-08,25,2,12,8,1.0,0.0,4.0,12.285714285714286,9.291573243177774
10135,2010-12-08,3,2,12,8,8.0,1.0,4.714285714285714,4.714285714285714,4.820590756128896
15036,2010-12-08,13,2,12,8,0.0,0.0,13.142857142857142,27.785714285714285,16.57737988373133
16238,2010-12-08,0,2,12,8,5.0,34.0,5.571428571428571,8.071428571428571,10.14654527178492
17003,2010-12-08,0,2,12,8,3.0,39.0,135.28571428571428,79.92857142857143,267.75095037846603
11001,2010-12-08,32,2,12,8,0.0,3.0,6.857142857142857,6.357142857142857,12.38855078191929
16016,2010-12-08,0,2,12,8,0.0,10.0,1.7142857142857142,2.2857142857142856,3.7289089429432085
16236,2010-12-08,0,2,12,8,8.0,2.0,1.4285714285714286,1.5,2.9920529661723965
10002,2010-12-08,13,2,12,8,8.0,60.0,8.0,10.5,8.906926143925016
16008,2010-12-08,0,2,12,8,0.0,0.0,0.0,2.5714285714285716,0.0
10133,2010-12-08,0,2,12,8,0.0,5.0,2.4285714285714284,2.0714285714285716,5.159365040297834
16016,2010-12-09,2,3,12,9,0.0,0.0,2.0,2.4285714285714284,3.651483716701097
10002,2010-12-09,44,3,12,9,13.0,1.0,14.142857142857142,13.5,15.593038739862674
15036,2010-12-09,1,3,12,9,13.0,48.0,6.428571428571429,14.0,6.654751256488113
16015,2010-12-09,1,3,12,9,0.0,0.0,0.14285714285714285,1.5,0.3779644730086078
16014,2010-12-09,1,3,12,9,1000.0,0.0,143.57142857142858,72.5,377.65233444834604
10133,2010-12-09,12,3,12,9,0.0,0.0,4.142857142857143,2.857142857142857,6.121780008803839
16238,2010-12-09,3,3,12,9,0.0,0.0,6.0,8.214285714285714,9.933109617167558
11001,2010-12-09,1,3,12,9,32.0,0.0,7.0,5.285714285714286,12.301761391497394
16237,2010-12-09,10,3,12,9,60.0,360.0,17.142857142857142,46.0,21.216570343551318
16008,2010-12-09,2,3,12,9,0.0,0.0,0.2857142857142857,2.7142857142857144,0.755928946018436
16236,2010-12-09,2,3,12,9,0.0,0.0,1.7142857142857142,1.5714285714285714,2.927700218845613
15034,2010-12-09,1,3,12,9,25.0,0.0,4.142857142857143,5.5,9.22728872111743
16235,2010-12-09,2,3,12,9,6.0,48.0,4.428571428571429,14.642857142857142,4.613644360558733
16225,2010-12-09,1,3,12,9,1.0,0.0,1.0,0.5714285714285714,0.9999999999995905
17003,2010-12-09,39,3,12,9,0.0,36.0,135.71428571428572,80.92857142857143,267.5678819076979
10135,2010-12-09,11,3,12,9,3.0,10.0,4.857142857142857,5.357142857142857,5.014265364222089
